Chromosome,Position,Ref,Alt,Tags,DNA,RNA,Value,P-Value,Element,snp_id,min_pos,max_pos,relative_pos,ref_sequence,alt_sequence
5,1294989,T,A,60,3382,3337,-0.15,0.14133,TERT-GBM,chr5_1294989_T_A,1294989,1295247,20,GCAGCGGGGAGCGCGCGGCATCGCGGGGGTGGCCGGGGCC,GCAGCGGGGAGCGCGCGGCAACGCNGGGGTGGCCGGGGCC
5,1294989,T,C,242,41578,47544,0.09,0.06709,TERT-GBM,chr5_1294989_T_C,1294989,1295247,20,GCAGCGGGGAGCGCGCGGCATCGCGGGGGTGGCCGGGGCC,GCAGCGGGGAGCGCGCGGCACCGCGGGGGTGGCCGGGGCC
5,1294989,T,G,46,2583,2854,-0.17,0.14236,TERT-GBM,chr5_1294989_T_G,1294989,1295247,20,GCAGCGGGGAGCGCGCGGCATCGCGGGGGTGGCCGGGGCC,GCAGCGGGGAGCGCGCGGCAGCGCGGGGGTGGCCGGGGCC
5,1294990,C,A,86,16262,17711,-0.2,0.02412,TERT-GBM,chr5_1294990_C_A,1294989,1295247,21,CAGCGGGGAGCGCGCGGCATCGCGGGGGTGGCCGGGGCCA,CAGCGGGGAGCGCGCGGCATAGCGGGGGTGGCCGGGGCCA
5,1294990,C,G,3,27,52,-0.9,0.05295,TERT-GBM,chr5_1294990_C_G,1294989,1295247,21,CAGCGGGGAGCGCGCGGCATCGCGGGGGTGGCCGGGGCCA,CAGCGGGGAGCGCGCGGCATGGCGGGGGTGGCCGGGGCCA
5,1294990,C,T,1955,258826,332296,-0.01,0.66586,TERT-GBM,chr5_1294990_C_T,1294989,1295247,21,CAGCGGGGAGCGCGCGGCATCGCGGGGGTGGCCGGGGCCA,CAGCGGGGAGCGCGCGGCATTGCGGGGGTGGCCGGGGCCA
5,1294991,G,A,574,97223,116793,-0.01,0.72148,TERT-GBM,chr5_1294991_G_A,1294989,1295247,22,AGCGGGGAGCGCGCGGCATCGCGGGGGTGGCCGGGGCCAG,AGCGGGGAGCGCGCGGCATCACGGGGGTGGCCGGGGCCAG
5,1294991,G,C,517,68467,82432,0.01,0.78176,TERT-GBM,chr5_1294991_G_C,1294989,1295247,22,AGCGGGGAGCGCGCGGCATCGCGGGGGTGGCCGGGGCCAG,AGCGGGGAGCGCGCGGCATCCCGGGGGTGGCCGGGGCCAG
5,1294991,G,T,623,98479,115788,0.03,0.40476,TERT-GBM,chr5_1294991_G_T,1294989,1295247,22,AGCGGGGAGCGCGCGGCATCGCGGGGGTGGCCGGGGCCAG,AGCGGGGAGCGCGCGGCATCTCGGGGGTGGCCGGGGCCAG
5,1294992,C,A,95,10766,11488,-0.25,0.0023,TERT-GBM,chr5_1294992_C_A,1294989,1295247,23,GCGGGGAGCGCGCGGCATCGCGGGGGTGGCCGGGGCCAGG,GCGGGGAGCGCGCGGCATCGAGGGGGTGGCCGGGGCCAGG
5,1294992,C,G,53,3528,4436,0.03,0.78549,TERT-GBM,chr5_1294992_C_G,1294989,1295247,23,GCGGGGAGCGCGCGGCATCGCGGGGGTGGCCGGGGCCAGG,GCGGGGAGCGCGCGGCATCGGGGGGGTGGCCGGGGCCAGG
5,1294992,C,T,1589,206246,255847,0.03,0.09658,TERT-GBM,chr5_1294992_C_T,1294989,1295247,23,GCGGGGAGCGCGCGGCATCGCGGGGGTGGCCGGGGCCAGG,GCGGGGAGCGCGCGGCATCGTGGGGGTGGCCGGGGCCAGG
5,1294993,G,A,423,44719,47025,-0.12,0.00299,TERT-GBM,chr5_1294993_G_A,1294989,1295247,24,CGGGGAGCGCGCGGCATCGCGGGGGTGGCCGGGGCCAGGG,CGGGGAGCGCGCGGCATCGCAGGGGTGGCCGGGGCCAGGG
5,1294993,G,C,197,29106,30257,0.05,0.4311,TERT-GBM,chr5_1294993_G_C,1294989,1295247,24,CGGGGAGCGCGCGGCATCGCGGGGGTGGCCGGGGCCAGGG,CGGGGAGCGCGCGGCATCGCCGGGGTGGCCGGGGCCAGGG
5,1294993,G,T,955,122948,135644,-0.06,0.01937,TERT-GBM,chr5_1294993_G_T,1294989,1295247,24,CGGGGAGCGCGCGGCATCGCGGGGGTGGCCGGGGCCAGGG,CGGGGAGCGCGCGGCATCGCTGGGGTGGCCGGGGCCAGGG
5,1294994,G,A,515,59112,67331,0.01,0.79244,TERT-GBM,chr5_1294994_G_A,1294989,1295247,25,GGGGAGCGCGCGGCATCGCGGGGGTGGCCGGGGCCAGGGC,GGGGAGCGCGCGGCATCGCGAGGGTGGCCGGGGCCAGGGC
5,1294994,G,C,208,30075,38198,-0.05,0.3766,TERT-GBM,chr5_1294994_G_C,1294989,1295247,25,GGGGAGCGCGCGGCATCGCGGGGGTGGCCGGGGCCAGGGC,GGGGAGCGCGCGGCATCGCGCGGGTGGCCGGGGCCAGGGC
5,1294994,G,T,790,107824,132397,0.01,0.69651,TERT-GBM,chr5_1294994_G_T,1294989,1295247,25,GGGGAGCGCGCGGCATCGCGGGGGTGGCCGGGGCCAGGGC,GGGGAGCGCGCGGCATCGCGTGGGTGGCCGGGGCCAGGGC
5,1294995,G,A,548,86971,77864,-0.15,1e-05,TERT-GBM,chr5_1294995_G_A,1294989,1295247,26,GGGAGCGCGCGGCATCGCGGGGGTGGCCGGGGCCAGGGCT,GGGAGCGCGCGGCATCGCGGAGGTGGCCGGGGCCAGGGCT
5,1294995,G,C,242,46145,55749,-0.13,0.00888,TERT-GBM,chr5_1294995_G_C,1294989,1295247,26,GGGAGCGCGCGGCATCGCGGGGGTGGCCGGGGCCAGGGCT,GGGAGCGCGCGGCATCGCGGCGGTGGCCGGGGCCAGGGCT
5,1294995,G,T,890,118563,133085,-0.07,0.01022,TERT-GBM,chr5_1294995_G_T,1294989,1295247,26,GGGAGCGCGCGGCATCGCGGGGGTGGCCGGGGCCAGGGCT,GGGAGCGCGCGGCATCGCGGTGGTGGCCGGGGCCAGGGCT
5,1294996,G,A,713,87966,91132,-0.16,0.0,TERT-GBM,chr5_1294996_G_A,1294989,1295247,27,GGAGCGCGCGGCATCGCGGGGGTGGCCGGGGCCAGGGCTT,GGAGCGCGCGGCATCGCGGGAGTGGCCGGGGCCAGGGCTT
5,1294996,G,C,238,30054,33775,0.03,0.49858,TERT-GBM,chr5_1294996_G_C,1294989,1295247,27,GGAGCGCGCGGCATCGCGGGGGTGGCCGGGGCCAGGGCTT,GGAGCGCGCGGCATCGCGGGCGTGGCCGGGGCCAGGGCTT
5,1294996,G,T,900,97946,111424,-0.12,1e-05,TERT-GBM,chr5_1294996_G_T,1294989,1295247,27,GGAGCGCGCGGCATCGCGGGGGTGGCCGGGGCCAGGGCTT,GGAGCGCGCGGCATCGCGGGTGTGGCCGGGGCCAGGGCTT
5,1294997,G,A,783,84532,90272,-0.11,0.00013,TERT-GBM,chr5_1294997_G_A,1294989,1295247,28,GAGCGCGCGGCATCGCGGGGGTGGCCGGGGCCAGGGCTTC,GAGCGCGCGGCATCGCGGGGATGGCCGGGGCCAGGGCTTC
5,1294997,G,C,165,24691,22355,-0.16,0.0084,TERT-GBM,chr5_1294997_G_C,1294989,1295247,28,GAGCGCGCGGCATCGCGGGGGTGGCCGGGGCCAGGGCTTC,GAGCGCGCGGCATCGCGGGGCTGGCCGGGGCCAGGGCTTC
5,1294997,G,T,133,12010,12951,-0.14,0.03787,TERT-GBM,chr5_1294997_G_T,1294989,1295247,28,GAGCGCGCGGCATCGCGGGGGTGGCCGGGGCCAGGGCTTC,GAGCGCGCGGCATCGCGGGGTTGGCCGGGGCCAGGGCTTC
5,1294998,T,A,61,3125,3511,-0.17,0.09525,TERT-GBM,chr5_1294998_T_A,1294989,1295247,29,AGCGCGCGGCATCGCGGGGGTGGCCGGGGCCAGGGCTTCC,AGCGCGCGGCATCGCGGGGGAGGCCGGGGCCAGGGCTTCC
5,1294998,T,C,86,10159,10304,-0.21,0.01625,TERT-GBM,chr5_1294998_T_C,1294989,1295247,29,AGCGCGCGGCATCGCGGGGGTGGCCGGGGCCAGGGCTTCC,AGCGCGCGGCATCGCGGGGGCGGCCGGGGCCAGGGCTTCC
5,1294998,T,G,43,8855,10216,-0.07,0.58025,TERT-GBM,chr5_1294998_T_G,1294989,1295247,29,AGCGCGCGGCATCGCGGGGGTGGCCGGGGCCAGGGCTTCC,AGCGCGCGGCATCGCGGGGGGGGCCGGGGCCAGGGCTTCC
5,1294999,G,A,80,13041,17635,0.12,0.18272,TERT-GBM,chr5_1294999_G_A,1294989,1295247,30,GCGCGCGGCATCGCGGGGGTGGCCGGGGCCAGGGCTTCCC,GCGCGCGGCATCGCGGGGGTAGCCGGGGCCAGGGCTTCCC
5,1294999,G,C,45,1995,2510,-0.27,0.02366,TERT-GBM,chr5_1294999_G_C,1294989,1295247,30,GCGCGCGGCATCGCGGGGGTGGCCGGGGCCAGGGCTTCCC,GCGCGCGGCATCGCGGGGGTCGCCGGGGCCAGGGCTTCCC
5,1294999,G,T,51,5374,5901,0.05,0.66903,TERT-GBM,chr5_1294999_G_T,1294989,1295247,30,GCGCGCGGCATCGCGGGGGTGGCCGGGGCCAGGGCTTCCC,GCGCGCGGCATCGCGGGGGTTGCCGGGGCCAGGGCTTCCC
5,1295000,G,A,449,39699,48833,-0.03,0.44093,TERT-GBM,chr5_1295000_G_A,1294989,1295247,31,CGCGCGGCATCGCGGGGGTGGCCGGGGCCAGGGCTTCCCA,CGCGCGGCATCGCGGGGGTGACCGGGGCCAGGGCTTCCCA
5,1295000,G,C,251,37171,44826,-0.09,0.06928,TERT-GBM,chr5_1295000_G_C,1294989,1295247,31,CGCGCGGCATCGCGGGGGTGGCCGGGGCCAGGGCTTCCCA,CGCGCGGCATCGCGGGGGTGCCCGGGGCCAGGGCTTCCCA
5,1295000,G,T,133,12452,15039,0.05,0.49503,TERT-GBM,chr5_1295000_G_T,1294989,1295247,31,CGCGCGGCATCGCGGGGGTGGCCGGGGCCAGGGCTTCCCA,CGCGCGGCATCGCGGGGGTGTCCGGGGCCAGGGCTTCCCA
5,1295001,C,A,32,1647,1965,0.12,0.38799,TERT-GBM,chr5_1295001_C_A,1294989,1295247,32,GCGCGGCATCGCGGGGGTGGCCGGGGCCAGGGCTTCCCAC,GCGCGGCATCGCGGGGGTGGACGGGGCCAGGGCTTCCCAC
5,1295001,C,G,20,1516,1674,-0.04,0.81924,TERT-GBM,chr5_1295001_C_G,1294989,1295247,32,GCGCGGCATCGCGGGGGTGGCCGGGGCCAGGGCTTCCCAC,GCGCGGCATCGCGGGGGTGGGCGGGGCCAGGGCTTCCCAC
5,1295001,C,T,430,71667,96898,0.2,0.0,TERT-GBM,chr5_1295001_C_T,1294989,1295247,32,GCGCGGCATCGCGGGGGTGGCCGGGGCCAGGGCTTCCCAC,GCGCGGCATCGCGGGGGTGGTCGGGGCCAGGGCTTCCCAC
5,1295002,C,A,141,12007,16325,0.14,0.03083,TERT-GBM,chr5_1295002_C_A,1294989,1295247,33,CGCGGCATCGCGGGGGTGGCCGGGGCCAGGGCTTCCCACG,CGCGGCATCGCGGGGGTGGCAGGGGCCAGGGCTTCCCACG
5,1295002,C,G,48,6448,7470,0.08,0.48999,TERT-GBM,chr5_1295002_C_G,1294989,1295247,33,CGCGGCATCGCGGGGGTGGCCGGGGCCAGGGCTTCCCACG,CGCGGCATCGCGGGGGTGGCGGGGGCCAGGGCTTCCCACG
5,1295002,C,T,412,45369,50444,0.07,0.07942,TERT-GBM,chr5_1295002_C_T,1294989,1295247,33,CGCGGCATCGCGGGGGTGGCCGGGGCCAGGGCTTCCCACG,CGCGGCATCGCGGGGGTGGCTGGGGCCAGGGCTTCCCACG
5,1295003,G,A,530,92933,111339,-0.07,0.05447,TERT-GBM,chr5_1295003_G_A,1294989,1295247,34,GCGGCATCGCGGGGGTGGCCGGGGCCAGGGCTTCCCACGT,GCGGCATCGCGGGGGTGGCCAGGGCCAGGGCTTCCCACGT
5,1295003,G,C,513,86335,104358,-0.04,0.2465,TERT-GBM,chr5_1295003_G_C,1294989,1295247,34,GCGGCATCGCGGGGGTGGCCGGGGCCAGGGCTTCCCACGT,GCGGCATCGCGGGGGTGGCCCGGGCCAGGGCTTCCCACGT
5,1295003,G,T,349,30200,38053,0.12,0.00401,TERT-GBM,chr5_1295003_G_T,1294989,1295247,34,GCGGCATCGCGGGGGTGGCCGGGGCCAGGGCTTCCCACGT,GCGGCATCGCGGGGGTGGCCTGGGCCAGGGCTTCCCACGT
5,1295004,G,A,380,30637,31898,-0.19,0.0,TERT-GBM,chr5_1295004_G_A,1294989,1295247,35,CGGCATCGCGGGGGTGGCCGGGGCCAGGGCTTCCCACGTG,CGGCATCGCGGGGGTGGCCGAGGCCAGGGCTTCCCACGTG
5,1295004,G,C,54,8116,8369,-0.09,0.4074,TERT-GBM,chr5_1295004_G_C,1294989,1295247,35,CGGCATCGCGGGGGTGGCCGGGGCCAGGGCTTCCCACGTG,CGGCATCGCGGGGGTGGCCGCGGCCAGGGCTTCCCACGTG
5,1295004,G,T,148,13953,22818,0.0,0.95073,TERT-GBM,chr5_1295004_G_T,1294989,1295247,35,CGGCATCGCGGGGGTGGCCGGGGCCAGGGCTTCCCACGTG,CGGCATCGCGGGGGTGGCCGTGGCCAGGGCTTCCCACGTG
5,1295005,G,A,229,33055,38512,-0.04,0.45307,TERT-GBM,chr5_1295005_G_A,1294989,1295247,36,GGCATCGCGGGGGTGGCCGGGGCCAGGGCTTCCCACGTGC,GGCATCGCGGGGGTGGCCGGAGCCAGGGCTTCCCACGTGC
5,1295005,G,C,59,3538,4054,-0.13,0.20598,TERT-GBM,chr5_1295005_G_C,1294989,1295247,36,GGCATCGCGGGGGTGGCCGGGGCCAGGGCTTCCCACGTGC,GGCATCGCGGGGGTGGCCGGCGCCAGGGCTTCCCACGTGC
5,1295005,G,T,176,20094,20530,-0.27,1e-05,TERT-GBM,chr5_1295005_G_T,1294989,1295247,36,GGCATCGCGGGGGTGGCCGGGGCCAGGGCTTCCCACGTGC,GGCATCGCGGGGGTGGCCGGTGCCAGGGCTTCCCACGTGC
5,1295006,G,A,557,110464,123919,-0.03,0.42722,TERT-GBM,chr5_1295006_G_A,1294989,1295247,37,GCATCGCGGGGGTGGCCGGGGCCAGGGCTTCCCACGTGCG,GCATCGCGGGGGTGGCCGGGACCAGGGCTTCCCACGTGCG
5,1295006,G,C,101,23200,30476,0.17,0.03801,TERT-GBM,chr5_1295006_G_C,1294989,1295247,37,GCATCGCGGGGGTGGCCGGGGCCAGGGCTTCCCACGTGCG,GCATCGCGGGGGTGGCCGGGCCCAGGGCTTCCCACGTGCG
5,1295006,G,T,62,4216,3902,-0.14,0.17992,TERT-GBM,chr5_1295006_G_T,1294989,1295247,37,GCATCGCGGGGGTGGCCGGGGCCAGGGCTTCCCACGTGCG,GCATCGCGGGGGTGGCCGGGTCCAGGGCTTCCCACGTGCG
5,1295007,C,A,29,5920,6105,0.11,0.45297,TERT-GBM,chr5_1295007_C_A,1294989,1295247,38,CATCGCGGGGGTGGCCGGGGCCAGGGCTTCCCACGTGCGC,CATCGCGGGGGTGGCCGGGGACAGGGCTTCCCACGTGCGC
5,1295007,C,G,36,13539,15916,-0.32,0.01727,TERT-GBM,chr5_1295007_C_G,1294989,1295247,38,CATCGCGGGGGTGGCCGGGGCCAGGGCTTCCCACGTGCGC,CATCGCGGGGGTGGCCGGGGGCAGGGCTTCCCACGTGCGC
5,1295007,C,T,425,75298,88032,0.02,0.64635,TERT-GBM,chr5_1295007_C_T,1294989,1295247,38,CATCGCGGGGGTGGCCGGGGCCAGGGCTTCCCACGTGCGC,CATCGCGGGGGTGGCCGGGGTCAGGGCTTCCCACGTGCGC
5,1295008,C,A,34,7842,8506,-0.02,0.8654,TERT-GBM,chr5_1295008_C_A,1294989,1295247,39,ATCGCGGGGGTGGCCGGGGCCAGGGCTTCCCACGTGCGCA,ATCGCGGGGGTGGCCGGGGCAAGGGCTTCCCACGTGCGCA
5,1295008,C,G,12,503,534,-0.25,0.27249,TERT-GBM,chr5_1295008_C_G,1294989,1295247,39,ATCGCGGGGGTGGCCGGGGCCAGGGCTTCCCACGTGCGCA,ATCGCGGGGGTGGCCGGGGCGAGGGCTTCCCACGTGCGCA
5,1295008,C,T,213,25315,30970,-0.06,0.24588,TERT-GBM,chr5_1295008_C_T,1294989,1295247,39,ATCGCGGGGGTGGCCGGGGCCAGGGCTTCCCACGTGCGCA,ATCGCGGGGGTGGCCGGGGCTAGGGCTTCCCACGTGCGCA
5,1295009,A,C,50,5555,7433,0.15,0.1986,TERT-GBM,chr5_1295009_A_C,1294989,1295247,40,TCGCGGGGGTGGCCGGGGCCAGGGCTTCCCACGTGCGCAG,TCGCGGGGGTGGCCGGGGCCCGGGCTTCCCACGTGCGCAG
5,1295009,A,G,78,20724,24144,0.02,0.81119,TERT-GBM,chr5_1295009_A_G,1294989,1295247,40,TCGCGGGGGTGGCCGGGGCCAGGGCTTCCCACGTGCGCAG,TCGCGGGGGTGGCCGGGGCCGGGGCTTCCCACGTGCGCAG
5,1295009,A,T,127,23393,35095,0.47,0.0,TERT-GBM,chr5_1295009_A_T,1294989,1295247,40,TCGCGGGGGTGGCCGGGGCCAGGGCTTCCCACGTGCGCAG,TCGCGGGGGTGGCCGGGGCCTGGGCTTCCCACGTGCGCAG
5,1295010,G,A,213,47677,45603,-0.13,0.01694,TERT-GBM,chr5_1295010_G_A,1294989,1295247,41,CGCGGGGGTGGCCGGGGCCAGGGCTTCCCACGTGCGCAGC,CGCGGGGGTGGCCGGGGCCAAGGCTTCCCACGTGCGCAGC
5,1295010,G,C,51,4408,5499,-0.19,0.08528,TERT-GBM,chr5_1295010_G_C,1294989,1295247,41,CGCGGGGGTGGCCGGGGCCAGGGCTTCCCACGTGCGCAGC,CGCGGGGGTGGCCGGGGCCACGGCTTCCCACGTGCGCAGC
5,1295010,G,T,219,44839,48631,-0.09,0.07907,TERT-GBM,chr5_1295010_G_T,1294989,1295247,41,CGCGGGGGTGGCCGGGGCCAGGGCTTCCCACGTGCGCAGC,CGCGGGGGTGGCCGGGGCCATGGCTTCCCACGTGCGCAGC
5,1295011,G,A,215,15980,17544,-0.05,0.40525,TERT-GBM,chr5_1295011_G_A,1294989,1295247,42,GCGGGGGTGGCCGGGGCCAGGGCTTCCCACGTGCGCAGCA,GCGGGGGTGGCCGGGGCCAGAGCTTCCCACGTGCGCAGCA
5,1295011,G,C,71,8072,7498,-0.19,0.03904,TERT-GBM,chr5_1295011_G_C,1294989,1295247,42,GCGGGGGTGGCCGGGGCCAGGGCTTCCCACGTGCGCAGCA,GCGGGGGTGGCCGGGGCCAGCGCTTCCCACGTGCGCAGCA
5,1295011,G,T,40,2229,2014,-0.4,0.00149,TERT-GBM,chr5_1295011_G_T,1294989,1295247,42,GCGGGGGTGGCCGGGGCCAGGGCTTCCCACGTGCGCAGCA,GCGGGGGTGGCCGGGGCCAGTGCTTCCCACGTGCGCAGCA
5,1295012,G,A,655,72669,91154,-0.01,0.74212,TERT-GBM,chr5_1295012_G_A,1294989,1295247,43,CGGGGGTGGCCGGGGCCAGGGCTTCCCACGTGCGCAGCAG,CGGGGGTGGCCGGGGCCAGGACTTCCCACGTGCGCAGCAG
5,1295012,G,C,464,70161,80305,0.16,3e-05,TERT-GBM,chr5_1295012_G_C,1294989,1295247,43,CGGGGGTGGCCGGGGCCAGGGCTTCCCACGTGCGCAGCAG,CGGGGGTGGCCGGGGCCAGGCCTTCCCACGTGCGCAGCAG
5,1295012,G,T,96,7378,9404,-0.01,0.86515,TERT-GBM,chr5_1295012_G_T,1294989,1295247,43,CGGGGGTGGCCGGGGCCAGGGCTTCCCACGTGCGCAGCAG,CGGGGGTGGCCGGGGCCAGGTCTTCCCACGTGCGCAGCAG
5,1295013,C,A,15,513,721,-0.06,0.76212,TERT-GBM,chr5_1295013_C_A,1294989,1295247,44,GGGGGTGGCCGGGGCCAGGGCTTCCCACGTGCGCAGCAGG,GGGGGTGGCCGGGGCCAGGGATTCCCACGTGCGCAGCAGG
5,1295013,C,G,46,3766,6998,-0.1,0.38701,TERT-GBM,chr5_1295013_C_G,1294989,1295247,44,GGGGGTGGCCGGGGCCAGGGCTTCCCACGTGCGCAGCAGG,GGGGGTGGCCGGGGCCAGGGGTTCCCACGTGCGCAGCAGG
5,1295013,C,T,411,48479,49768,-0.06,0.12138,TERT-GBM,chr5_1295013_C_T,1294989,1295247,44,GGGGGTGGCCGGGGCCAGGGCTTCCCACGTGCGCAGCAGG,GGGGGTGGCCGGGGCCAGGGTTTCCCACGTGCGCAGCAGG
5,1295014,T,A,956,141569,153362,0.07,0.01187,TERT-GBM,chr5_1295014_T_A,1294989,1295247,45,GGGGTGGCCGGGGCCAGGGCTTCCCACGTGCGCAGCAGGA,GGGGTGGCCGGGGCCAGGGCATCCCACGTGCGCAGCAGGA
5,1295014,T,C,39346,5395853,7379407,0.26,0.0,TERT-GBM,chr5_1295014_T_C,1294989,1295247,45,GGGGTGGCCGGGGCCAGGGCTTCCCACGTGCGCAGCAGGA,GGGGTGGCCGGGGCCAGGGCCTCCCACGTGCGCAGCAGGA
5,1295014,T,G,323,44145,60023,0.12,0.00493,TERT-GBM,chr5_1295014_T_G,1294989,1295247,45,GGGGTGGCCGGGGCCAGGGCTTCCCACGTGCGCAGCAGGA,GGGGTGGCCGGGGCCAGGGCGTCCCACGTGCGCAGCAGGA
5,1295015,T,A,674,97773,127986,-0.11,0.00087,TERT-GBM,chr5_1295015_T_A,1294989,1295247,46,GGGTGGCCGGGGCCAGGGCTTCCCACGTGCGCAGCAGGAC,GGGTGGCCGGGGCCAGGGCTACCCACGTGCGCAGCAGGAC
5,1295015,T,C,1841,262878,328530,0.03,0.09851,TERT-GBM,chr5_1295015_T_C,1294989,1295247,46,GGGTGGCCGGGGCCAGGGCTTCCCACGTGCGCAGCAGGAC,GGGTGGCCGGGGCCAGGGCTCCCCACGTGCGCAGCAGGAC
5,1295015,T,G,266,27157,54794,0.04,0.42098,TERT-GBM,chr5_1295015_T_G,1294989,1295247,46,GGGTGGCCGGGGCCAGGGCTTCCCACGTGCGCAGCAGGAC,GGGTGGCCGGGGCCAGGGCTGCCCACGTGCGCAGCAGGAC
5,1295016,C,A,374,89088,107683,0.01,0.88362,TERT-GBM,chr5_1295016_C_A,1294989,1295247,47,GGTGGCCGGGGCCAGGGCTTCCCACGTGCGCAGCAGGACG,GGTGGCCGGGGCCAGGGCTTACCACGTGCGCAGCAGGACG
5,1295016,C,G,20,965,1141,0.55,0.00329,TERT-GBM,chr5_1295016_C_G,1294989,1295247,47,GGTGGCCGGGGCCAGGGCTTCCCACGTGCGCAGCAGGACG,GGTGGCCGGGGCCAGGGCTTGCCACGTGCGCAGCAGGACG
5,1295016,C,T,292,46198,60614,0.07,0.12578,TERT-GBM,chr5_1295016_C_T,1294989,1295247,47,GGTGGCCGGGGCCAGGGCTTCCCACGTGCGCAGCAGGACG,GGTGGCCGGGGCCAGGGCTTTCCACGTGCGCAGCAGGACG
5,1295017,C,A,204,24690,30264,0.01,0.84349,TERT-GBM,chr5_1295017_C_A,1294989,1295247,48,GTGGCCGGGGCCAGGGCTTCCCACGTGCGCAGCAGGACGC,GTGGCCGGGGCCAGGGCTTCACACGTGCGCAGCAGGACGC
5,1295017,C,G,86,9212,9580,0.09,0.26937,TERT-GBM,chr5_1295017_C_G,1294989,1295247,48,GTGGCCGGGGCCAGGGCTTCCCACGTGCGCAGCAGGACGC,GTGGCCGGGGCCAGGGCTTCGCACGTGCGCAGCAGGACGC
5,1295017,C,T,536,60598,81233,0.1,0.00353,TERT-GBM,chr5_1295017_C_T,1294989,1295247,48,GTGGCCGGGGCCAGGGCTTCCCACGTGCGCAGCAGGACGC,GTGGCCGGGGCCAGGGCTTCTCACGTGCGCAGCAGGACGC
5,1295018,C,A,69,14643,12765,0.12,0.2086,TERT-GBM,chr5_1295018_C_A,1294989,1295247,49,TGGCCGGGGCCAGGGCTTCCCACGTGCGCAGCAGGACGCA,TGGCCGGGGCCAGGGCTTCCAACGTGCGCAGCAGGACGCA
5,1295018,C,G,21,4058,4887,0.13,0.4656,TERT-GBM,chr5_1295018_C_G,1294989,1295247,49,TGGCCGGGGCCAGGGCTTCCCACGTGCGCAGCAGGACGCA,TGGCCGGGGCCAGGGCTTCCGACGTGCGCAGCAGGACGCA
5,1295018,C,T,553,47886,74470,0.37,0.0,TERT-GBM,chr5_1295018_C_T,1294989,1295247,49,TGGCCGGGGCCAGGGCTTCCCACGTGCGCAGCAGGACGCA,TGGCCGGGGCCAGGGCTTCCTACGTGCGCAGCAGGACGCA
5,1295019,A,C,280,27463,33184,-0.05,0.31904,TERT-GBM,chr5_1295019_A_C,1294989,1295247,50,GGCCGGGGCCAGGGCTTCCCACGTGCGCAGCAGGACGCAG,GGCCGGGGCCAGGGCTTCCCCCGTGCGCAGCAGGACGCAG
5,1295019,A,G,962,113577,162451,0.38,0.0,TERT-GBM,chr5_1295019_A_G,1294989,1295247,50,GGCCGGGGCCAGGGCTTCCCACGTGCGCAGCAGGACGCAG,GGCCGGGGCCAGGGCTTCCCGCGTGCGCAGCAGGACGCAG
5,1295019,A,T,489,59941,64238,-0.24,0.0,TERT-GBM,chr5_1295019_A_T,1294989,1295247,50,GGCCGGGGCCAGGGCTTCCCACGTGCGCAGCAGGACGCAG,GGCCGGGGCCAGGGCTTCCCTCGTGCGCAGCAGGACGCAG
5,1295020,C,A,63,7341,8270,-0.22,0.02737,TERT-GBM,chr5_1295020_C_A,1294989,1295247,51,GCCGGGGCCAGGGCTTCCCACGTGCGCAGCAGGACGCAGC,GCCGGGGCCAGGGCTTCCCAAGTGCGCAGCAGGACGCAGC
5,1295020,C,G,146,19654,18301,-0.14,0.0392,TERT-GBM,chr5_1295020_C_G,1294989,1295247,51,GCCGGGGCCAGGGCTTCCCACGTGCGCAGCAGGACGCAGC,GCCGGGGCCAGGGCTTCCCAGGTGCGCAGCAGGACGCAGC
5,1295020,C,T,1157,157313,190579,0.05,0.03081,TERT-GBM,chr5_1295020_C_T,1294989,1295247,51,GCCGGGGCCAGGGCTTCCCACGTGCGCAGCAGGACGCAGC,GCCGGGGCCAGGGCTTCCCATGTGCGCAGCAGGACGCAGC
5,1295021,G,A,1291,164842,258135,0.35,0.0,TERT-GBM,chr5_1295021_G_A,1294989,1295247,52,CCGGGGCCAGGGCTTCCCACGTGCGCAGCAGGACGCAGCG,CCGGGGCCAGGGCTTCCCACATGCGCAGCAGGACGCAGCG
5,1295021,G,C,264,50986,38846,-0.57,0.0,TERT-GBM,chr5_1295021_G_C,1294989,1295247,52,CCGGGGCCAGGGCTTCCCACGTGCGCAGCAGGACGCAGCG,CCGGGGCCAGGGCTTCCCACCTGCGCAGCAGGACGCAGCG
5,1295021,G,T,91,24551,32422,0.23,0.00631,TERT-GBM,chr5_1295021_G_T,1294989,1295247,52,CCGGGGCCAGGGCTTCCCACGTGCGCAGCAGGACGCAGCG,CCGGGGCCAGGGCTTCCCACTTGCGCAGCAGGACGCAGCG
5,1295022,T,A,254,34927,47342,0.21,3e-05,TERT-GBM,chr5_1295022_T_A,1294989,1295247,53,CGGGGCCAGGGCTTCCCACGTGCGCAGCAGGACGCAGCGC,CGGGGCCAGGGCTTCCCACGAGCGCAGCAGGACGCAGCGC
5,1295022,T,C,913,105168,137792,0.08,0.00216,TERT-GBM,chr5_1295022_T_C,1294989,1295247,53,CGGGGCCAGGGCTTCCCACGTGCGCAGCAGGACGCAGCGC,CGGGGCCAGGGCTTCCCACGCGCGCAGCAGGACGCAGCGC
5,1295022,T,G,167,13641,15543,-0.04,0.51934,TERT-GBM,chr5_1295022_T_G,1294989,1295247,53,CGGGGCCAGGGCTTCCCACGTGCGCAGCAGGACGCAGCGC,CGGGGCCAGGGCTTCCCACGGGCGCAGCAGGACGCAGCGC
5,1295023,G,A,520,70000,101566,0.29,0.0,TERT-GBM,chr5_1295023_G_A,1294989,1295247,54,GGGGCCAGGGCTTCCCACGTGCGCAGCAGGACGCAGCGCT,GGGGCCAGGGCTTCCCACGTACGCAGCAGGACGCAGCGCT
5,1295023,G,C,139,12801,14588,-0.01,0.85948,TERT-GBM,chr5_1295023_G_C,1294989,1295247,54,GGGGCCAGGGCTTCCCACGTGCGCAGCAGGACGCAGCGCT,GGGGCCAGGGCTTCCCACGTCCGCAGCAGGACGCAGCGCT
5,1295023,G,T,70,12936,15317,-0.07,0.48068,TERT-GBM,chr5_1295023_G_T,1294989,1295247,54,GGGGCCAGGGCTTCCCACGTGCGCAGCAGGACGCAGCGCT,GGGGCCAGGGCTTCCCACGTTCGCAGCAGGACGCAGCGCT
5,1295024,C,A,76,6991,9068,0.36,0.00014,TERT-GBM,chr5_1295024_C_A,1294989,1295247,55,GGGCCAGGGCTTCCCACGTGCGCAGCAGGACGCAGCGCTG,GGGCCAGGGCTTCCCACGTGAGCAGCAGGACGCAGCGCTG
5,1295024,C,G,123,18385,29215,0.33,1e-05,TERT-GBM,chr5_1295024_C_G,1294989,1295247,55,GGGCCAGGGCTTCCCACGTGCGCAGCAGGACGCAGCGCTG,GGGCCAGGGCTTCCCACGTGGGCAGCAGGACGCAGCGCTG
5,1295024,C,T,885,121516,164815,0.13,0.0,TERT-GBM,chr5_1295024_C_T,1294989,1295247,55,GGGCCAGGGCTTCCCACGTGCGCAGCAGGACGCAGCGCTG,GGGCCAGGGCTTCCCACGTGTGCAGCAGGACGCAGCGCTG
5,1295025,G,A,1187,162111,222410,0.02,0.2942,TERT-GBM,chr5_1295025_G_A,1294989,1295247,56,GGCCAGGGCTTCCCACGTGCGCAGCAGGACGCAGCGCTGC,GGCCAGGGCTTCCCACGTGCACAGCAGGACGCAGCGCTGC
5,1295025,G,C,313,37788,51222,-0.18,5e-05,TERT-GBM,chr5_1295025_G_C,1294989,1295247,56,GGCCAGGGCTTCCCACGTGCGCAGCAGGACGCAGCGCTGC,GGCCAGGGCTTCCCACGTGCCCAGCAGGACGCAGCGCTGC
5,1295025,G,T,318,28781,33008,0.05,0.23018,TERT-GBM,chr5_1295025_G_T,1294989,1295247,56,GGCCAGGGCTTCCCACGTGCGCAGCAGGACGCAGCGCTGC,GGCCAGGGCTTCCCACGTGCTCAGCAGGACGCAGCGCTGC
5,1295026,C,A,70,5460,6748,0.15,0.10673,TERT-GBM,chr5_1295026_C_A,1294989,1295247,57,GCCAGGGCTTCCCACGTGCGCAGCAGGACGCAGCGCTGCC,GCCAGGGCTTCCCACGTGCGAAGCAGGACGCAGCGCTGCC
5,1295026,C,G,86,15898,12243,-0.02,0.81665,TERT-GBM,chr5_1295026_C_G,1294989,1295247,57,GCCAGGGCTTCCCACGTGCGCAGCAGGACGCAGCGCTGCC,GCCAGGGCTTCCCACGTGCGGAGCAGGACGCAGCGCTGCC
5,1295026,C,T,572,84709,109521,0.05,0.10135,TERT-GBM,chr5_1295026_C_T,1294989,1295247,57,GCCAGGGCTTCCCACGTGCGCAGCAGGACGCAGCGCTGCC,GCCAGGGCTTCCCACGTGCGTAGCAGGACGCAGCGCTGCC
5,1295027,A,C,85,14553,12240,0.04,0.67133,TERT-GBM,chr5_1295027_A_C,1294989,1295247,58,CCAGGGCTTCCCACGTGCGCAGCAGGACGCAGCGCTGCCT,CCAGGGCTTCCCACGTGCGCCGCAGGACGCAGCGCTGCCT
5,1295027,A,G,930,140986,190974,0.09,0.00106,TERT-GBM,chr5_1295027_A_G,1294989,1295247,58,CCAGGGCTTCCCACGTGCGCAGCAGGACGCAGCGCTGCCT,CCAGGGCTTCCCACGTGCGCGGCAGGACGCAGCGCTGCCT
5,1295027,A,T,666,89918,99022,-0.12,8e-05,TERT-GBM,chr5_1295027_A_T,1294989,1295247,58,CCAGGGCTTCCCACGTGCGCAGCAGGACGCAGCGCTGCCT,CCAGGGCTTCCCACGTGCGCTGCAGGACGCAGCGCTGCCT
5,1295028,G,A,714,133231,147363,0.02,0.59127,TERT-GBM,chr5_1295028_G_A,1294989,1295247,59,CAGGGCTTCCCACGTGCGCAGCAGGACGCAGCGCTGCCTG,CAGGGCTTCCCACGTGCGCAACAGGACGCAGCGCTGCCTG
5,1295028,G,C,199,36852,38212,-0.14,0.0136,TERT-GBM,chr5_1295028_G_C,1294989,1295247,59,CAGGGCTTCCCACGTGCGCAGCAGGACGCAGCGCTGCCTG,CAGGGCTTCCCACGTGCGCACCAGGACGCAGCGCTGCCTG
5,1295028,G,T,148,16760,18939,-0.3,1e-05,TERT-GBM,chr5_1295028_G_T,1294989,1295247,59,CAGGGCTTCCCACGTGCGCAGCAGGACGCAGCGCTGCCTG,CAGGGCTTCCCACGTGCGCATCAGGACGCAGCGCTGCCTG
5,1295029,C,A,28,1083,1886,0.1,0.50176,TERT-GBM,chr5_1295029_C_A,1294989,1295247,60,AGGGCTTCCCACGTGCGCAGCAGGACGCAGCGCTGCCTGA,AGGGCTTCCCACGTGCGCAGAAGGACGCAGCGCTGCCTGA
5,1295029,C,G,94,13279,16292,-0.08,0.33928,TERT-GBM,chr5_1295029_C_G,1294989,1295247,60,AGGGCTTCCCACGTGCGCAGCAGGACGCAGCGCTGCCTGA,AGGGCTTCCCACGTGCGCAGGAGGACGCAGCGCTGCCTGA
5,1295029,C,T,660,93171,121595,0.12,0.0001,TERT-GBM,chr5_1295029_C_T,1294989,1295247,60,AGGGCTTCCCACGTGCGCAGCAGGACGCAGCGCTGCCTGA,AGGGCTTCCCACGTGCGCAGTAGGACGCAGCGCTGCCTGA
5,1295030,A,C,87,14112,20093,0.5,0.0,TERT-GBM,chr5_1295030_A_C,1294989,1295247,61,GGGCTTCCCACGTGCGCAGCAGGACGCAGCGCTGCCTGAA,GGGCTTCCCACGTGCGCAGCCGGACGCAGCGCTGCCTGAA
5,1295030,A,G,829,86558,109051,0.06,0.0205,TERT-GBM,chr5_1295030_A_G,1294989,1295247,61,GGGCTTCCCACGTGCGCAGCAGGACGCAGCGCTGCCTGAA,GGGCTTCCCACGTGCGCAGCGGGACGCAGCGCTGCCTGAA
5,1295030,A,T,515,48191,54103,-0.01,0.86,TERT-GBM,chr5_1295030_A_T,1294989,1295247,61,GGGCTTCCCACGTGCGCAGCAGGACGCAGCGCTGCCTGAA,GGGCTTCCCACGTGCGCAGCTGGACGCAGCGCTGCCTGAA
5,1295031,G,A,415,50791,58560,0.01,0.81391,TERT-GBM,chr5_1295031_G_A,1294989,1295247,62,GGCTTCCCACGTGCGCAGCAGGACGCAGCGCTGCCTGAAA,GGCTTCCCACGTGCGCAGCAAGACGCAGCGCTGCCTGAAA
5,1295031,G,C,183,29791,24784,-0.82,0.0,TERT-GBM,chr5_1295031_G_C,1294989,1295247,62,GGCTTCCCACGTGCGCAGCAGGACGCAGCGCTGCCTGAAA,GGCTTCCCACGTGCGCAGCACGACGCAGCGCTGCCTGAAA
5,1295031,G,T,347,34710,54003,0.18,2e-05,TERT-GBM,chr5_1295031_G_T,1294989,1295247,62,GGCTTCCCACGTGCGCAGCAGGACGCAGCGCTGCCTGAAA,GGCTTCCCACGTGCGCAGCATGACGCAGCGCTGCCTGAAA
5,1295032,G,A,272,32049,39894,0.11,0.02158,TERT-GBM,chr5_1295032_G_A,1294989,1295247,63,GCTTCCCACGTGCGCAGCAGGACGCAGCGCTGCCTGAAAC,GCTTCCCACGTGCGCAGCAGAACGCAGCGCTGCCTGAAAC
5,1295032,G,C,52,8765,15771,0.56,0.0,TERT-GBM,chr5_1295032_G_C,1294989,1295247,63,GCTTCCCACGTGCGCAGCAGGACGCAGCGCTGCCTGAAAC,GCTTCCCACGTGCGCAGCAGCACGCAGCGCTGCCTGAAAC
5,1295032,G,T,107,11571,13071,0.03,0.72422,TERT-GBM,chr5_1295032_G_T,1294989,1295247,63,GCTTCCCACGTGCGCAGCAGGACGCAGCGCTGCCTGAAAC,GCTTCCCACGTGCGCAGCAGTACGCAGCGCTGCCTGAAAC
5,1295033,A,C,132,14965,24946,0.56,0.0,TERT-GBM,chr5_1295033_A_C,1294989,1295247,64,CTTCCCACGTGCGCAGCAGGACGCAGCGCTGCCTGAAACT,CTTCCCACGTGCGCAGCAGGCCGCAGCGCTGCCTGAAACT
5,1295033,A,G,1346,148361,154481,-0.18,0.0,TERT-GBM,chr5_1295033_A_G,1294989,1295247,64,CTTCCCACGTGCGCAGCAGGACGCAGCGCTGCCTGAAACT,CTTCCCACGTGCGCAGCAGGGCGCAGCGCTGCCTGAAACT
5,1295033,A,T,313,36383,35387,-0.36,0.0,TERT-GBM,chr5_1295033_A_T,1294989,1295247,64,CTTCCCACGTGCGCAGCAGGACGCAGCGCTGCCTGAAACT,CTTCCCACGTGCGCAGCAGGTCGCAGCGCTGCCTGAAACT
5,1295034,C,A,36,3208,7738,1.03,0.0,TERT-GBM,chr5_1295034_C_A,1294989,1295247,65,TTCCCACGTGCGCAGCAGGACGCAGCGCTGCCTGAAACTC,TTCCCACGTGCGCAGCAGGAAGCAGCGCTGCCTGAAACTC
5,1295034,C,G,130,14988,10479,-0.62,0.0,TERT-GBM,chr5_1295034_C_G,1294989,1295247,65,TTCCCACGTGCGCAGCAGGACGCAGCGCTGCCTGAAACTC,TTCCCACGTGCGCAGCAGGAGGCAGCGCTGCCTGAAACTC
5,1295034,C,T,763,96608,107345,0.03,0.29626,TERT-GBM,chr5_1295034_C_T,1294989,1295247,65,TTCCCACGTGCGCAGCAGGACGCAGCGCTGCCTGAAACTC,TTCCCACGTGCGCAGCAGGATGCAGCGCTGCCTGAAACTC
5,1295035,G,A,879,120991,142689,0.15,0.0,TERT-GBM,chr5_1295035_G_A,1294989,1295247,66,TCCCACGTGCGCAGCAGGACGCAGCGCTGCCTGAAACTCG,TCCCACGTGCGCAGCAGGACACAGCGCTGCCTGAAACTCG
5,1295035,G,C,246,46217,50298,-0.03,0.50184,TERT-GBM,chr5_1295035_G_C,1294989,1295247,66,TCCCACGTGCGCAGCAGGACGCAGCGCTGCCTGAAACTCG,TCCCACGTGCGCAGCAGGACCCAGCGCTGCCTGAAACTCG
5,1295035,G,T,203,23164,23573,-0.11,0.03951,TERT-GBM,chr5_1295035_G_T,1294989,1295247,66,TCCCACGTGCGCAGCAGGACGCAGCGCTGCCTGAAACTCG,TCCCACGTGCGCAGCAGGACTCAGCGCTGCCTGAAACTCG
5,1295036,C,A,33,3739,2860,-0.61,1e-05,TERT-GBM,chr5_1295036_C_A,1294989,1295247,67,CCCACGTGCGCAGCAGGACGCAGCGCTGCCTGAAACTCGC,CCCACGTGCGCAGCAGGACGAAGCGCTGCCTGAAACTCGC
5,1295036,C,G,32,2993,3389,-0.2,0.15644,TERT-GBM,chr5_1295036_C_G,1294989,1295247,67,CCCACGTGCGCAGCAGGACGCAGCGCTGCCTGAAACTCGC,CCCACGTGCGCAGCAGGACGGAGCGCTGCCTGAAACTCGC
5,1295036,C,T,530,51792,61705,0.08,0.02153,TERT-GBM,chr5_1295036_C_T,1294989,1295247,67,CCCACGTGCGCAGCAGGACGCAGCGCTGCCTGAAACTCGC,CCCACGTGCGCAGCAGGACGTAGCGCTGCCTGAAACTCGC
5,1295037,A,C,75,14533,18907,0.17,0.07032,TERT-GBM,chr5_1295037_A_C,1294989,1295247,68,CCACGTGCGCAGCAGGACGCAGCGCTGCCTGAAACTCGCG,CCACGTGCGCAGCAGGACGCCGCGCTGCCTGAAACTCGCG
5,1295037,A,G,1003,129934,177582,0.2,0.0,TERT-GBM,chr5_1295037_A_G,1294989,1295247,68,CCACGTGCGCAGCAGGACGCAGCGCTGCCTGAAACTCGCG,CCACGTGCGCAGCAGGACGCGGCGCTGCCTGAAACTCGCG
5,1295037,A,T,555,75395,88227,-0.01,0.707,TERT-GBM,chr5_1295037_A_T,1294989,1295247,68,CCACGTGCGCAGCAGGACGCAGCGCTGCCTGAAACTCGCG,CCACGTGCGCAGCAGGACGCTGCGCTGCCTGAAACTCGCG
5,1295038,G,A,742,101877,113364,0.01,0.73077,TERT-GBM,chr5_1295038_G_A,1294989,1295247,69,CACGTGCGCAGCAGGACGCAGCGCTGCCTGAAACTCGCGC,CACGTGCGCAGCAGGACGCAACGCTGCCTGAAACTCGCGC
5,1295038,G,C,76,10674,11005,-0.18,0.04348,TERT-GBM,chr5_1295038_G_C,1294989,1295247,69,CACGTGCGCAGCAGGACGCAGCGCTGCCTGAAACTCGCGC,CACGTGCGCAGCAGGACGCACCGCTGCCTGAAACTCGCGC
5,1295038,G,T,130,15798,17033,-0.17,0.01409,TERT-GBM,chr5_1295038_G_T,1294989,1295247,69,CACGTGCGCAGCAGGACGCAGCGCTGCCTGAAACTCGCGC,CACGTGCGCAGCAGGACGCATCGCTGCCTGAAACTCGCGC
5,1295039,C,A,157,16569,23591,0.12,0.05237,TERT-GBM,chr5_1295039_C_A,1294989,1295247,70,ACGTGCGCAGCAGGACGCAGCGCTGCCTGAAACTCGCGCC,ACGTGCGCAGCAGGACGCAGAGCTGCCTGAAACTCGCGCC
5,1295039,C,G,190,31809,33313,0.07,0.22988,TERT-GBM,chr5_1295039_C_G,1294989,1295247,70,ACGTGCGCAGCAGGACGCAGCGCTGCCTGAAACTCGCGCC,ACGTGCGCAGCAGGACGCAGGGCTGCCTGAAACTCGCGCC
5,1295039,C,T,1096,142967,192202,0.21,0.0,TERT-GBM,chr5_1295039_C_T,1294989,1295247,70,ACGTGCGCAGCAGGACGCAGCGCTGCCTGAAACTCGCGCC,ACGTGCGCAGCAGGACGCAGTGCTGCCTGAAACTCGCGCC
5,1295040,G,A,997,160054,184520,0.07,0.00959,TERT-GBM,chr5_1295040_G_A,1294989,1295247,71,CGTGCGCAGCAGGACGCAGCGCTGCCTGAAACTCGCGCCG,CGTGCGCAGCAGGACGCAGCACTGCCTGAAACTCGCGCCG
5,1295040,G,C,242,29884,42533,0.05,0.36767,TERT-GBM,chr5_1295040_G_C,1294989,1295247,71,CGTGCGCAGCAGGACGCAGCGCTGCCTGAAACTCGCGCCG,CGTGCGCAGCAGGACGCAGCCCTGCCTGAAACTCGCGCCG
5,1295040,G,T,169,28153,36161,0.21,0.00067,TERT-GBM,chr5_1295040_G_T,1294989,1295247,71,CGTGCGCAGCAGGACGCAGCGCTGCCTGAAACTCGCGCCG,CGTGCGCAGCAGGACGCAGCTCTGCCTGAAACTCGCGCCG
5,1295041,C,A,88,8404,7841,-0.18,0.0343,TERT-GBM,chr5_1295041_C_A,1294989,1295247,72,GTGCGCAGCAGGACGCAGCGCTGCCTGAAACTCGCGCCGC,GTGCGCAGCAGGACGCAGCGATGCCTGAAACTCGCGCCGC
5,1295041,C,G,30,1370,1274,-0.15,0.31151,TERT-GBM,chr5_1295041_C_G,1294989,1295247,72,GTGCGCAGCAGGACGCAGCGCTGCCTGAAACTCGCGCCGC,GTGCGCAGCAGGACGCAGCGGTGCCTGAAACTCGCGCCGC
5,1295041,C,T,495,79364,95453,0.07,0.04592,TERT-GBM,chr5_1295041_C_T,1294989,1295247,72,GTGCGCAGCAGGACGCAGCGCTGCCTGAAACTCGCGCCGC,GTGCGCAGCAGGACGCAGCGTTGCCTGAAACTCGCGCCGC
5,1295042,T,A,401,52756,58734,-0.08,0.03882,TERT-GBM,chr5_1295042_T_A,1294989,1295247,73,TGCGCAGCAGGACGCAGCGCTGCCTGAAACTCGCGCCGCG,TGCGCAGCAGGACGCAGCGCAGCCTGAAACTCGCGCCGCG
5,1295042,T,C,819,84719,92100,0.01,0.65981,TERT-GBM,chr5_1295042_T_C,1294989,1295247,73,TGCGCAGCAGGACGCAGCGCTGCCTGAAACTCGCGCCGCG,TGCGCAGCAGGACGCAGCGCCGCCTGAAACTCGCGCCGCG
5,1295042,T,G,91,12998,18380,0.22,0.00915,TERT-GBM,chr5_1295042_T_G,1294989,1295247,73,TGCGCAGCAGGACGCAGCGCTGCCTGAAACTCGCGCCGCG,TGCGCAGCAGGACGCAGCGCGGCCTGAAACTCGCGCCGCG
5,1295043,G,A,952,142030,139956,-0.78,0.0,TERT-GBM,chr5_1295043_G_A,1294989,1295247,74,GCGCAGCAGGACGCAGCGCTGCCTGAAACTCGCGCCGCGA,GCGCAGCAGGACGCAGCGCTACCTGAAACTCGCGCCGCGA
5,1295043,G,C,284,27098,31289,-0.05,0.24962,TERT-GBM,chr5_1295043_G_C,1294989,1295247,74,GCGCAGCAGGACGCAGCGCTGCCTGAAACTCGCGCCGCGA,GCGCAGCAGGACGCAGCGCTCCCTGAAACTCGCGCCGCGA
5,1295043,G,T,101,10216,34533,1.65,0.0,TERT-GBM,chr5_1295043_G_T,1294989,1295247,74,GCGCAGCAGGACGCAGCGCTGCCTGAAACTCGCGCCGCGA,GCGCAGCAGGACGCAGCGCTTCCTGAAACTCGCGCCGCGA
5,1295044,C,A,125,19746,31894,-0.1,0.16416,TERT-GBM,chr5_1295044_C_A,1294989,1295247,75,CGCAGCAGGACGCAGCGCTGCCTGAAACTCGCGCCGCGAG,CGCAGCAGGACGCAGCGCTGACTGAAACTCGCGCCGCGAG
5,1295044,C,G,31,8726,16745,-0.01,0.94283,TERT-GBM,chr5_1295044_C_G,1294989,1295247,75,CGCAGCAGGACGCAGCGCTGCCTGAAACTCGCGCCGCGAG,CGCAGCAGGACGCAGCGCTGGCTGAAACTCGCGCCGCGAG
5,1295044,C,T,512,72305,60545,-0.41,0.0,TERT-GBM,chr5_1295044_C_T,1294989,1295247,75,CGCAGCAGGACGCAGCGCTGCCTGAAACTCGCGCCGCGAG,CGCAGCAGGACGCAGCGCTGTCTGAAACTCGCGCCGCGAG
5,1295045,C,A,198,29012,29718,0.0,0.94692,TERT-GBM,chr5_1295045_C_A,1294989,1295247,76,GCAGCAGGACGCAGCGCTGCCTGAAACTCGCGCCGCGAGG,GCAGCAGGACGCAGCGCTGCATGAAACTCGCGCCGCGAGG
5,1295045,C,G,42,2402,3531,0.25,0.03882,TERT-GBM,chr5_1295045_C_G,1294989,1295247,76,GCAGCAGGACGCAGCGCTGCCTGAAACTCGCGCCGCGAGG,GCAGCAGGACGCAGCGCTGCGTGAAACTCGCGCCGCGAGG
5,1295045,C,T,310,43545,26888,-0.84,0.0,TERT-GBM,chr5_1295045_C_T,1294989,1295247,76,GCAGCAGGACGCAGCGCTGCCTGAAACTCGCGCCGCGAGG,GCAGCAGGACGCAGCGCTGCTTGAAACTCGCGCCGCGAGG
5,1295046,T,A,359,42142,58929,0.28,0.0,TERT-GBM,chr5_1295046_T_A,1294989,1295247,77,CAGCAGGACGCAGCGCTGCCTGAAACTCGCGCCGCGAGGA,CAGCAGGACGCAGCGCTGCCAGAAACTCGCGCCGCGAGGA
5,1295046,T,C,1064,110797,130608,-0.1,2e-05,TERT-GBM,chr5_1295046_T_C,1294989,1295247,77,CAGCAGGACGCAGCGCTGCCTGAAACTCGCGCCGCGAGGA,CAGCAGGACGCAGCGCTGCCCGAAACTCGCGCCGCGAGGA
5,1295046,T,G,101,9097,25588,1.14,0.0,TERT-GBM,chr5_1295046_T_G,1294989,1295247,77,CAGCAGGACGCAGCGCTGCCTGAAACTCGCGCCGCGAGGA,CAGCAGGACGCAGCGCTGCCGGAAACTCGCGCCGCGAGGA
5,1295047,G,A,257,30252,35697,0.01,0.84518,TERT-GBM,chr5_1295047_G_A,1294989,1295247,78,AGCAGGACGCAGCGCTGCCTGAAACTCGCGCCGCGAGGAG,AGCAGGACGCAGCGCTGCCTAAAACTCGCGCCGCGAGGAG
5,1295047,G,C,21,1123,1177,0.16,0.36854,TERT-GBM,chr5_1295047_G_C,1294989,1295247,78,AGCAGGACGCAGCGCTGCCTGAAACTCGCGCCGCGAGGAG,AGCAGGACGCAGCGCTGCCTCAAACTCGCGCCGCGAGGAG
5,1295047,G,T,56,23603,43341,0.35,0.00093,TERT-GBM,chr5_1295047_G_T,1294989,1295247,78,AGCAGGACGCAGCGCTGCCTGAAACTCGCGCCGCGAGGAG,AGCAGGACGCAGCGCTGCCTTAAACTCGCGCCGCGAGGAG
5,1295048,A,C,68,20735,28269,0.59,0.0,TERT-GBM,chr5_1295048_A_C,1294989,1295247,79,GCAGGACGCAGCGCTGCCTGAAACTCGCGCCGCGAGGAGA,GCAGGACGCAGCGCTGCCTGCAACTCGCGCCGCGAGGAGA
5,1295048,A,G,803,108252,156140,0.38,0.0,TERT-GBM,chr5_1295048_A_G,1294989,1295247,79,GCAGGACGCAGCGCTGCCTGAAACTCGCGCCGCGAGGAGA,GCAGGACGCAGCGCTGCCTGGAACTCGCGCCGCGAGGAGA
5,1295048,A,T,601,84451,141515,0.46,0.0,TERT-GBM,chr5_1295048_A_T,1294989,1295247,79,GCAGGACGCAGCGCTGCCTGAAACTCGCGCCGCGAGGAGA,GCAGGACGCAGCGCTGCCTGTAACTCGCGCCGCGAGGAGA
5,1295049,A,C,18,549,908,0.55,0.00454,TERT-GBM,chr5_1295049_A_C,1294989,1295247,80,CAGGACGCAGCGCTGCCTGAAACTCGCGCCGCGAGGAGAG,CAGGACGCAGCGCTGCCTGACACTCGCGCCGCGAGGAGAG
5,1295049,A,G,934,121911,198724,0.45,0.0,TERT-GBM,chr5_1295049_A_G,1294989,1295247,80,CAGGACGCAGCGCTGCCTGAAACTCGCGCCGCGAGGAGAG,CAGGACGCAGCGCTGCCTGAGACTCGCGCCGCGAGGAGAG
5,1295049,A,T,120,17578,27286,0.53,0.0,TERT-GBM,chr5_1295049_A_T,1294989,1295247,80,CAGGACGCAGCGCTGCCTGAAACTCGCGCCGCGAGGAGAG,CAGGACGCAGCGCTGCCTGATACTCGCGCCGCGAGGAGAG
5,1295050,A,C,81,7532,9337,0.14,0.13161,TERT-GBM,chr5_1295050_A_C,1294989,1295247,81,AGGACGCAGCGCTGCCTGAAACTCGCGCCGCGAGGAGAGG,AGGACGCAGCGCTGCCTGAACCTCGCGCCGCGAGGAGAGG
5,1295050,A,G,981,112348,180136,0.2,0.0,TERT-GBM,chr5_1295050_A_G,1294989,1295247,81,AGGACGCAGCGCTGCCTGAAACTCGCGCCGCGAGGAGAGG,AGGACGCAGCGCTGCCTGAAGCTCGCGCCGCGAGGAGAGG
5,1295050,A,T,275,38842,41279,-0.12,0.01515,TERT-GBM,chr5_1295050_A_T,1294989,1295247,81,AGGACGCAGCGCTGCCTGAAACTCGCGCCGCGAGGAGAGG,AGGACGCAGCGCTGCCTGAATCTCGCGCCGCGAGGAGAGG
5,1295051,C,A,91,5795,6772,-0.01,0.8908,TERT-GBM,chr5_1295051_C_A,1294989,1295247,82,GGACGCAGCGCTGCCTGAAACTCGCGCCGCGAGGAGAGGG,GGACGCAGCGCTGCCTGAAAATCGCGCCGCGAGGAGAGGG
5,1295051,C,G,208,16339,21648,0.21,0.00016,TERT-GBM,chr5_1295051_C_G,1294989,1295247,82,GGACGCAGCGCTGCCTGAAACTCGCGCCGCGAGGAGAGGG,GGACGCAGCGCTGCCTGAAAGTCGCGCCGCGAGGAGAGGG
5,1295051,C,T,938,121942,115682,-0.26,0.0,TERT-GBM,chr5_1295051_C_T,1294989,1295247,82,GGACGCAGCGCTGCCTGAAACTCGCGCCGCGAGGAGAGGG,GGACGCAGCGCTGCCTGAAATTCGCGCCGCGAGGAGAGGG
5,1295052,T,A,443,47291,83006,0.45,0.0,TERT-GBM,chr5_1295052_T_A,1294989,1295247,83,GACGCAGCGCTGCCTGAAACTCGCGCCGCGAGGAGAGGGC,GACGCAGCGCTGCCTGAAACACGCGCCGCGAGGAGAGGGC
5,1295052,T,C,1017,114268,147824,0.26,0.0,TERT-GBM,chr5_1295052_T_C,1294989,1295247,83,GACGCAGCGCTGCCTGAAACTCGCGCCGCGAGGAGAGGGC,GACGCAGCGCTGCCTGAAACCCGCGCCGCGAGGAGAGGGC
5,1295052,T,G,84,10550,13861,0.39,1e-05,TERT-GBM,chr5_1295052_T_G,1294989,1295247,83,GACGCAGCGCTGCCTGAAACTCGCGCCGCGAGGAGAGGGC,GACGCAGCGCTGCCTGAAACGCGCGCCGCGAGGAGAGGGC
5,1295053,C,A,159,19821,29667,0.49,0.0,TERT-GBM,chr5_1295053_C_A,1294989,1295247,84,ACGCAGCGCTGCCTGAAACTCGCGCCGCGAGGAGAGGGCG,ACGCAGCGCTGCCTGAAACTAGCGCCGCGAGGAGAGGGCG
5,1295053,C,G,42,1524,2729,0.34,0.00628,TERT-GBM,chr5_1295053_C_G,1294989,1295247,84,ACGCAGCGCTGCCTGAAACTCGCGCCGCGAGGAGAGGGCG,ACGCAGCGCTGCCTGAAACTGGCGCCGCGAGGAGAGGGCG
5,1295053,C,T,672,73387,127951,0.56,0.0,TERT-GBM,chr5_1295053_C_T,1294989,1295247,84,ACGCAGCGCTGCCTGAAACTCGCGCCGCGAGGAGAGGGCG,ACGCAGCGCTGCCTGAAACTTGCGCCGCGAGGAGAGGGCG
5,1295054,G,A,1308,141273,286400,0.74,0.0,TERT-GBM,chr5_1295054_G_A,1294989,1295247,85,CGCAGCGCTGCCTGAAACTCGCGCCGCGAGGAGAGGGCGG,CGCAGCGCTGCCTGAAACTCACGCCGCGAGGAGAGGGCGG
5,1295054,G,C,102,14121,13133,-0.68,0.0,TERT-GBM,chr5_1295054_G_C,1294989,1295247,85,CGCAGCGCTGCCTGAAACTCGCGCCGCGAGGAGAGGGCGG,CGCAGCGCTGCCTGAAACTCCCGCCGCGAGGAGAGGGCGG
5,1295054,G,T,201,23844,46533,0.71,0.0,TERT-GBM,chr5_1295054_G_T,1294989,1295247,85,CGCAGCGCTGCCTGAAACTCGCGCCGCGAGGAGAGGGCGG,CGCAGCGCTGCCTGAAACTCTCGCCGCGAGGAGAGGGCGG
5,1295055,C,A,75,4215,6344,0.4,1e-05,TERT-GBM,chr5_1295055_C_A,1294989,1295247,86,GCAGCGCTGCCTGAAACTCGCGCCGCGAGGAGAGGGCGGG,GCAGCGCTGCCTGAAACTCGAGCCGCGAGGAGAGGGCGGG
