chrom,start,pos,ref,alt,ref_sequence,alt_sequence,model,predicted_effect,z_score,p_value
chr1,1019635,1019636,A,G,CGGCCTGCGGAGCGGGATCGG,CGGCCTGCGGGGCGGGATCGG,ETV4_eDBD_TTTGCC40NTGA_KS_yin2017_0_4_7mer,0.26586282,2.491389274597168,0.012724462137040708
chr1,1116303,1116304,A,C,TCCTAGAAGAACCAGCGCATG,TCCTAGAAGACCCAGCGCATG,ETV4_eDBD_TTTGCC40NTGA_KS_yin2017_0_4_7mer,-0.37700355,-3.0951685905456543,0.0019670105607220573
chr1,1274158,1274159,C,A,TCCCGCCTCCCGGCTCCCGCC,TCCCGCCTCCAGGCTCCCGCC,ETV4_eDBD_TTTGCC40NTGA_KS_yin2017_0_4_7mer,-0.83256257,-6.351690769195557,2.1296109675665498e-10
chr1,1375543,1375544,T,C,GTGACGTATCTGGCAACGGAA,GTGACGTATCCGGCAACGGAA,ETV4_eDBD_TTTGCC40NTGA_KS_yin2017_0_4_7mer,3.7442284,39.416500091552734,0.0
chr1,1375594,1375595,C,T,GAGCTATTTCCCCCGTTTTTG,GAGCTATTTCTCCCGTTTTTG,ETV4_eDBD_TTTGCC40NTGA_KS_yin2017_0_4_7mer,-1.6820394,-14.49826431274414,1.2425217115244808e-47
chr1,1375641,1375642,C,T,ACTGAGCCTGCGGTACCGGGC,ACTGAGCCTGTGGTACCGGGC,ETV4_eDBD_TTTGCC40NTGA_KS_yin2017_0_4_7mer,-0.043280102,-0.4121270775794983,0.6802462828115933
chr1,1375697,1375698,G,T,AAAATAAGACGCAGGCTGGGC,AAAATAAGACTCAGGCTGGGC,ETV4_eDBD_TTTGCC40NTGA_KS_yin2017_0_4_7mer,-0.38916606,-3.138660430908203,0.0016972200018207748
chr1,1407231,1407232,G,C,CCTGCAGGCCGGCGTCCCGAA,CCTGCAGGCCCGCGTCCCGAA,ETV4_eDBD_TTTGCC40NTGA_KS_yin2017_0_4_7mer,-0.7207857,-6.373003959655762,1.853610974198818e-10
chr1,1407389,1407390,C,T,CTCCTGAACTCGCGGTGGTGG,CTCCTGAACTTGCGGTGGTGG,ETV4_eDBD_TTTGCC40NTGA_KS_yin2017_0_4_7mer,0.45541692,4.119948387145996,3.789572779584753e-05
chr1,1471590,1471591,C,G,GGCTCCGGTACCCAGACGCTT,GGCTCCGGTAGCCAGACGCTT,ETV4_eDBD_TTTGCC40NTGA_KS_yin2017_0_4_7mer,0.34213915,3.235311269760132,0.0012151018569214764
chr1,1511944,1511945,G,A,GGCTGACGCTGCCTTGGGTTC,GGCTGACGCTACCTTGGGTTC,ETV4_eDBD_TTTGCC40NTGA_KS_yin2017_0_4_7mer,0.062281154,0.5792019367218018,0.5624529241777425
chr1,1615321,1615322,A,G,GTGCGTCTCTAGGACCGCCAC,GTGCGTCTCTGGGACCGCCAC,ETV4_eDBD_TTTGCC40NTGA_KS_yin2017_0_4_7mer,0.06364229,0.4851292669773102,0.627584652640883
chr1,1615868,1615869,C,T,CCCGGCAGGCCTCGCGCGGCC,CCCGGCAGGCTTCGCGCGGCC,ETV4_eDBD_TTTGCC40NTGA_KS_yin2017_0_4_7mer,0.033444036,0.28861159086227417,0.7728786245760751
chr1,1659059,1659060,G,A,CAGAACTCGAGACAACGACAG,CAGAACTCGAAACAACGACAG,ETV4_eDBD_TTTGCC40NTGA_KS_yin2017_0_4_7mer,0.2508777,2.292712926864624,0.021864537819075075
chr1,1659064,1659065,C,G,CTCGAGACAACGACAGGGGCT,CTCGAGACAAGGACAGGGGCT,ETV4_eDBD_TTTGCC40NTGA_KS_yin2017_0_4_7mer,-0.18928109,-1.9209678173065186,0.05473576491126249
chr1,1659065,1659066,G,C,TCGAGACAACGACAGGGGCTC,TCGAGACAACCACAGGGGCTC,ETV4_eDBD_TTTGCC40NTGA_KS_yin2017_0_4_7mer,-0.15465726,-1.5524523258209229,0.12055403150371162
chr1,1659219,1659220,A,G,GGGACTCCGGAGGAGCGACGC,GGGACTCCGGGGGAGCGACGC,ETV4_eDBD_TTTGCC40NTGA_KS_yin2017_0_4_7mer,-1.236825,-11.016742706298828,3.1733537005006246e-28
chr1,1724488,1724489,G,C,AAACTGCGCCGTGAGCTGCAC,AAACTGCGCCCTGAGCTGCAC,ETV4_eDBD_TTTGCC40NTGA_KS_yin2017_0_4_7mer,-0.32520223,-2.7748873233795166,0.005522083594578221
chr1,2255545,2255546,G,A,TGTCTGTGCCGCTCTGTCCTG,TGTCTGTGCCACTCTGTCCTG,ETV4_eDBD_TTTGCC40NTGA_KS_yin2017_0_4_7mer,-0.0072012916,-0.0644533708691597,0.9486092345227285
chr1,2255645,2255646,T,G,TGTCTGGAGCTCTCTCTGTCC,TGTCTGGAGCGCTCTCTGTCC,ETV4_eDBD_TTTGCC40NTGA_KS_yin2017_0_4_7mer,0.16235445,1.127746820449829,0.25942685811678345
chr1,2300526,2300527,G,C,TGGTAGGGCGGGTGGCATCCC,TGGTAGGGCGCGTGGCATCCC,ETV4_eDBD_TTTGCC40NTGA_KS_yin2017_0_4_7mer,-0.6120104,-6.455996036529541,1.0750942243624893e-10
chr1,2301092,2301093,G,A,TTCCGCGCCCGCTTCAGTGGC,TTCCGCGCCCACTTCAGTGGC,ETV4_eDBD_TTTGCC40NTGA_KS_yin2017_0_4_7mer,0.737158,6.904603004455566,5.034401710080522e-12
chr1,2391601,2391602,T,C,CAAGGGGGGGTGTGGCCACGG,CAAGGGGGGGCGTGGCCACGG,ETV4_eDBD_TTTGCC40NTGA_KS_yin2017_0_4_7mer,-0.3222305,-3.6505391597747803,0.0002616904057701418
chr1,2416026,2416027,C,T,GTATCCCCATCCCCCCACCAA,GTATCCCCATTCCCCCACCAA,ETV4_eDBD_TTTGCC40NTGA_KS_yin2017_0_4_7mer,-0.9098929,-9.360272407531738,7.953137627287535e-21
chr1,3650141,3650142,G,A,AGCGCCGCCGGCTTCCGCGCG,AGCGCCGCCGACTTCCGCGCG,ETV4_eDBD_TTTGCC40NTGA_KS_yin2017_0_4_7mer,2.2752497,24.475421905517578,2.6992402898737227e-132
chr1,3796479,3796480,G,T,CCGCCATGGCGCCTCAGCTGC,CCGCCATGGCTCCTCAGCTGC,ETV4_eDBD_TTTGCC40NTGA_KS_yin2017_0_4_7mer,-0.20512265,-1.6108816862106323,0.10720551236716193
chr1,3796512,3796513,G,T,ACCCACCAGGGTGCTTCCGGG,ACCCACCAGGTTGCTTCCGGG,ETV4_eDBD_TTTGCC40NTGA_KS_yin2017_0_4_7mer,0.3041171,2.884626865386963,0.003918778285756247
chr1,3857250,3857251,C,G,CGCCCCACCCCAGGCCGCGCC,CGCCCCACCCGAGGCCGCGCC,ETV4_eDBD_TTTGCC40NTGA_KS_yin2017_0_4_7mer,-0.31997222,-2.716655731201172,0.006594516292579449
chr1,3883677,3883678,A,G,ACTGTGACCCAAGCAGAATCT,ACTGTGACCCGAGCAGAATCT,ETV4_eDBD_TTTGCC40NTGA_KS_yin2017_0_4_7mer,-0.23872241,-1.9869697093963623,0.04692575365812874
chr1,3900118,3900119,A,G,ACAGCAGGTGACCCAGAGTCC,ACAGCAGGTGGCCCAGAGTCC,ETV4_eDBD_TTTGCC40NTGA_KS_yin2017_0_4_7mer,0.1631882,1.3597264289855957,0.1739165114326341
chr1,3900385,3900386,C,T,AGGTCACAGGCCTTGGGCCAG,AGGTCACAGGTCTTGGGCCAG,ETV4_eDBD_TTTGCC40NTGA_KS_yin2017_0_4_7mer,0.27472395,2.2040984630584717,0.027517420225768863
chr1,3900695,3900696,C,T,CTTGAAGCCTCTTTGGCCACC,CTTGAAGCCTTTTTGGCCACC,ETV4_eDBD_TTTGCC40NTGA_KS_yin2017_0_4_7mer,-0.23538908,-1.8296277523040771,0.06730562093933184
chr1,4267574,4267575,C,T,TTGTTCTTAACGGAAGCTGCT,TTGTTCTTAATGGAAGCTGCT,ETV4_eDBD_TTTGCC40NTGA_KS_yin2017_0_4_7mer,-2.9326987,-29.86622428894043,5.405214057105592e-196
chr1,5975795,5975796,G,A,GGAAGCCCTCGGAGTGCATGA,GGAAGCCCTCAGAGTGCATGA,ETV4_eDBD_TTTGCC40NTGA_KS_yin2017_0_4_7mer,0.14612874,1.1360615491867065,0.25593080586320194
chr1,6236177,6236178,T,G,GGCCGGGAAGTGGTGGGAGAA,GGCCGGGAAGGGGTGGGAGAA,ETV4_eDBD_TTTGCC40NTGA_KS_yin2017_0_4_7mer,-1.0984424,-14.436811447143555,3.0356410083918085e-47
chr1,6554592,6554593,C,G,GAGGGGCCTCCGAGCCGCCGG,GAGGGGCCTCGGAGCCGCCGG,ETV4_eDBD_TTTGCC40NTGA_KS_yin2017_0_4_7mer,-0.34898666,-2.793226480484009,0.005218514082976975
chr1,6579786,6579787,G,T,AGAGTGTGAGGTGTAACGGAT,AGAGTGTGAGTTGTAACGGAT,ETV4_eDBD_TTTGCC40NTGA_KS_yin2017_0_4_7mer,-0.24741302,-2.5714948177337646,0.010126053083809212
chr1,6579882,6579883,G,A,AGCGCCAAAAGAACAGGGCGA,AGCGCCAAAAAAACAGGGCGA,ETV4_eDBD_TTTGCC40NTGA_KS_yin2017_0_4_7mer,-0.04476496,-0.42641666531562805,0.6698042599372982
chr1,6580055,6580056,A,G,CGGGGTACGCATAGCCGGGCA,CGGGGTACGCGTAGCCGGGCA,ETV4_eDBD_TTTGCC40NTGA_KS_yin2017_0_4_7mer,0.25758344,2.5762672424316406,0.00998734217370239
chr1,6613719,6613720,C,G,GACAGGCCTCCCGGCTCTCCC,GACAGGCCTCGCGGCTCTCCC,ETV4_eDBD_TTTGCC40NTGA_KS_yin2017_0_4_7mer,-0.3868279,-3.1163506507873535,0.0018310440314621697
chr1,7012665,7012666,C,T,CTGTGACGCACTTCCTTCCCT,CTGTGACGCATTTCCTTCCCT,ETV4_eDBD_TTTGCC40NTGA_KS_yin2017_0_4_7mer,-0.93795836,-14.019810676574707,1.179288355622504e-44
chr1,7019832,7019833,A,G,AGCCCCGCCCAGCTCCCCGGC,AGCCCCGCCCGGCTCCCCGGC,ETV4_eDBD_TTTGCC40NTGA_KS_yin2017_0_4_7mer,-0.39050218,-3.187743902206421,0.0014338747142207478
chr1,7954387,7954388,C,T,GGGGGGGGCTCTTCACACTGG,GGGGGGGGCTTTTCACACTGG,ETV4_eDBD_TTTGCC40NTGA_KS_yin2017_0_4_7mer,-0.016975615,-0.12805894017219543,0.8981023294391647
chr1,7961482,7961483,T,C,GTAGAGACTGTTAAGCCCCGC,GTAGAGACTGCTAAGCCCCGC,ETV4_eDBD_TTTGCC40NTGA_KS_yin2017_0_4_7mer,0.12102779,1.0820941925048828,0.2792106760837403
chr1,7961717,7961718,T,C,CGTGCGTTCATTTTCAGCCTG,CGTGCGTTCACTTTCAGCCTG,ETV4_eDBD_TTTGCC40NTGA_KS_yin2017_0_4_7mer,0.5171754,4.752905368804932,2.0051421150354353e-06
chr1,7961746,7961747,C,T,TGAGTGGTACCCAACGGGCCG,TGAGTGGTACTCAACGGGCCG,ETV4_eDBD_TTTGCC40NTGA_KS_yin2017_0_4_7mer,0.13697681,1.2864850759506226,0.19827382398539417
chr1,8121046,8121047,A,T,TAAACATTTAACGGAATGTGG,TAAACATTTATCGGAATGTGG,ETV4_eDBD_TTTGCC40NTGA_KS_yin2017_0_4_7mer,-0.52834815,-5.035497188568115,4.766101247760779e-07
chr1,9239887,9239888,T,G,AGGCTGGGTCTGCTGTGCCGG,AGGCTGGGTCGGCTGTGCCGG,ETV4_eDBD_TTTGCC40NTGA_KS_yin2017_0_4_7mer,0.33725443,2.99341082572937,0.0027587811554651044
chr1,9426548,9426549,C,T,GGGCCAGGTGCGCGTGTGCGC,GGGCCAGGTGTGCGTGTGCGC,ETV4_eDBD_TTTGCC40NTGA_KS_yin2017_0_4_7mer,0.116197094,1.3159735202789307,0.18818293044892342
chr1,9426562,9426563,C,A,TGTGCGCGTCCGCCTGTGTGC,TGTGCGCGTCAGCCTGTGTGC,ETV4_eDBD_TTTGCC40NTGA_KS_yin2017_0_4_7mer,-0.9496295,-8.98265266418457,2.6431587888194635e-19
chr1,9943261,9943262,G,A,ACAAAAACTGGGACAACCTCC,ACAAAAACTGAGACAACCTCC,ETV4_eDBD_TTTGCC40NTGA_KS_yin2017_0_4_7mer,0.006834572,0.05679766833782196,0.9547063713384877
chr1,9943398,9943399,G,C,TCCGCTGGACGCACGCACTTC,TCCGCTGGACCCACGCACTTC,ETV4_eDBD_TTTGCC40NTGA_KS_yin2017_0_4_7mer,-0.20672509,-1.982686161994934,0.04740249624972066
chr1,11262507,11262508,C,G,TTCAGGCCCCCTGCCCCACCG,TTCAGGCCCCGTGCCCCACCG,ETV4_eDBD_TTTGCC40NTGA_KS_yin2017_0_4_7mer,-0.23397073,-2.077533006668091,0.03775239212767462
chr1,11262570,11262571,G,T,AGGGTTCCCAGCCCTGAGGAC,AGGGTTCCCATCCCTGAGGAC,ETV4_eDBD_TTTGCC40NTGA_KS_yin2017_0_4_7mer,0.6668831,5.837900638580322,5.286266529575382e-09
chr1,11681448,11681449,A,C,CTGGGGAGGGACGGGGGAGCG,CTGGGGAGGGCCGGGGGAGCG,ETV4_eDBD_TTTGCC40NTGA_KS_yin2017_0_4_7mer,-0.48839045,-4.4367451667785645,9.13293052448071e-06
chr1,11740965,11740966,T,C,TTCCTGTCTGTGGTCCAGGGT,TTCCTGTCTGCGGTCCAGGGT,ETV4_eDBD_TTTGCC40NTGA_KS_yin2017_0_4_7mer,-0.4124,-3.758347988128662,0.00017103889902349837
chr1,11741029,11741030,G,A,GATCAGAATCGTCCTCATGCC,GATCAGAATCATCCTCATGCC,ETV4_eDBD_TTTGCC40NTGA_KS_yin2017_0_4_7mer,-0.0013896078,-0.012033035978674889,0.9903992580618215
chr1,11802720,11802721,A,G,TACAGGCAACAGAGAAGTTGC,TACAGGCAACGGAGAAGTTGC,ETV4_eDBD_TTTGCC40NTGA_KS_yin2017_0_4_7mer,0.6180692,5.34605073928833,8.98940182820342e-08
chr1,11842952,11842953,G,A,GGCCATTGCCGCAGTCGCAGC,GGCCATTGCCACAGTCGCAGC,ETV4_eDBD_TTTGCC40NTGA_KS_yin2017_0_4_7mer,-0.34290627,-3.0679314136505127,0.0021554608303485942
chr1,11908215,11908216,A,G,CCGTGGAGAGAAACGAGTGTG,CCGTGGAGAGGAACGAGTGTG,ETV4_eDBD_TTTGCC40NTGA_KS_yin2017_0_4_7mer,0.833992,7.363187313079834,1.7957011762263565e-13
chr1,11926477,11926478,G,A,AAAACGGGAGGGCGGAGGGAG,AAAACGGGAGAGCGGAGGGAG,ETV4_eDBD_TTTGCC40NTGA_KS_yin2017_0_4_7mer,-0.46468392,-4.547337532043457,5.432883020872808e-06
chr1,11926563,11926564,T,C,GCGGGACCACTCGTTCCCAGG,GCGGGACCACCCGTTCCCAGG,ETV4_eDBD_TTTGCC40NTGA_KS_yin2017_0_4_7mer,0.3264082,3.0908327102661133,0.001995960519440558
chr1,11980145,11980146,A,G,CCGCCCCCCCAGCTCCGGCCG,CCGCCCCCCCGGCTCCGGCCG,ETV4_eDBD_TTTGCC40NTGA_KS_yin2017_0_4_7mer,-0.13435537,-1.1195300817489624,0.26291406494561576
chr1,11980421,11980422,T,C,CGCCTCCCCCTGGGGTGGCGC,CGCCTCCCCCCGGGGTGGCGC,ETV4_eDBD_TTTGCC40NTGA_KS_yin2017_0_4_7mer,0.48184368,3.4648468494415283,0.0005305335129420077
chr1,12081818,12081819,A,G,TCTCCTGGGGAAAAGTGGCTT,TCTCCTGGGGGAAAGTGGCTT,ETV4_eDBD_TTTGCC40NTGA_KS_yin2017_0_4_7mer,0.37255815,3.3809421062469482,0.0007223776128485885
chr1,14949987,14949988,C,G,AGCCTCTGCACGGAAGACGGT,AGCCTCTGCAGGGAAGACGGT,ETV4_eDBD_TTTGCC40NTGA_KS_yin2017_0_4_7mer,0.16561262,1.6502454280853271,0.09889274886103586
chr1,15218513,15218514,A,T,TTTAATCTTGATGTATCTCAG,TTTAATCTTGTTGTATCTCAG,ETV4_eDBD_TTTGCC40NTGA_KS_yin2017_0_4_7mer,0.09700529,0.9567769169807434,0.3386798654963106
chr1,15416192,15416193,T,C,CTTCTCCGGCTTCCTCGCTCT,CTTCTCCGGCCTCCTCGCTCT,ETV4_eDBD_TTTGCC40NTGA_KS_yin2017_0_4_7mer,0.09679489,1.055472731590271,0.2912091743330173
chr1,15526780,15526781,T,C,CCTCGACCTGTTCGGTCCTCG,CCTCGACCTGCTCGGTCCTCG,ETV4_eDBD_TTTGCC40NTGA_KS_yin2017_0_4_7mer,-0.55713814,-4.821308612823486,1.4261951319393509e-06
chr1,15526793,15526794,T,G,GGTCCTCGCCTTCAGTGCGAT,GGTCCTCGCCGTCAGTGCGAT,ETV4_eDBD_TTTGCC40NTGA_KS_yin2017_0_4_7mer,0.18090808,1.5397619009017944,0.1236184019281412
chr1,15527055,15527056,C,T,CCAGTCACTGCTGGCCCCGGG,CCAGTCACTGTTGGCCCCGGG,ETV4_eDBD_TTTGCC40NTGA_KS_yin2017_0_4_7mer,0.44505766,3.9772989749908447,6.970250509500818e-05
chr1,15577822,15577823,C,T,GAGGAACCAGCGACTTCATCC,GAGGAACCAGTGACTTCATCC,ETV4_eDBD_TTTGCC40NTGA_KS_yin2017_0_4_7mer,0.42427596,4.116738319396973,3.8427195330257025e-05
chr1,15584635,15584636,G,A,TGCTTTCCATGCCCGACAGCC,TGCTTTCCATACCCGACAGCC,ETV4_eDBD_TTTGCC40NTGA_KS_yin2017_0_4_7mer,-0.17746429,-1.6434946060180664,0.10028064045580483
chr1,15835975,15835976,C,A,GAAAGAATTCCCCCTCCCCTC,GAAAGAATTCACCCTCCCCTC,ETV4_eDBD_TTTGCC40NTGA_KS_yin2017_0_4_7mer,-0.42468777,-3.847562551498413,0.0001192988235982253
chr1,16054138,16054139,G,A,TTGCCACAAGGAAAACATCTC,TTGCCACAAGAAAAACATCTC,ETV4_eDBD_TTTGCC40NTGA_KS_yin2017_0_4_7mer,-0.2586908,-2.3408336639404297,0.019240737157564154
chr1,16054319,16054320,G,T,CAGCCCATGTGTCCCCCTGTG,CAGCCCATGTTTCCCCCTGTG,ETV4_eDBD_TTTGCC40NTGA_KS_yin2017_0_4_7mer,0.8008166,8.054065704345703,8.008819094724542e-16
chr1,16178808,16178809,T,C,GATTGTCCCTTGGGGGCAGGG,GATTGTCCCTCGGGGGCAGGG,ETV4_eDBD_TTTGCC40NTGA_KS_yin2017_0_4_7mer,-0.31819203,-2.489088535308838,0.012807106835079669
chr1,16178824,16178825,A,G,CAGGGATTAAAGGTACTACAG,CAGGGATTAAGGGTACTACAG,ETV4_eDBD_TTTGCC40NTGA_KS_yin2017_0_4_7mer,0.27661654,2.3799707889556885,0.017314010491168357
chr1,16237139,16237140,A,G,CGCCGGGCCCACTTCCGCCCC,CGCCGGGCCCGCTTCCGCCCC,ETV4_eDBD_TTTGCC40NTGA_KS_yin2017_0_4_7mer,-2.7881253,-28.373767852783203,4.261902603669033e-177
chr1,16613669,16613670,C,G,ACAACGGGTTCGAGCAGGTTA,ACAACGGGTTGGAGCAGGTTA,ETV4_eDBD_TTTGCC40NTGA_KS_yin2017_0_4_7mer,0.38250962,3.379422187805176,0.0007263836637082052
chr1,16613698,16613699,G,A,GCAGGCGGAGGAAAGGAGTAA,GCAGGCGGAGAAAAGGAGTAA,ETV4_eDBD_TTTGCC40NTGA_KS_yin2017_0_4_7mer,-0.90054256,-8.119683265686035,4.674018869331132e-16
chr1,16645452,16645453,C,G,TTGCAACTGACCTGTGGGACC,TTGCAACTGAGCTGTGGGACC,ETV4_eDBD_TTTGCC40NTGA_KS_yin2017_0_4_7mer,0.08060808,0.7119524478912354,0.4764942226581963
chr1,16896252,16896253,G,C,TGGAGGGCTGGCGAATAGGAA,TGGAGGGCTGCCGAATAGGAA,ETV4_eDBD_TTTGCC40NTGA_KS_yin2017_0_4_7mer,0.060999364,0.51705002784729,0.6051212363345819
chr1,16896253,16896254,C,G,GGAGGGCTGGCGAATAGGAAG,GGAGGGCTGGGGAATAGGAAG,ETV4_eDBD_TTTGCC40NTGA_KS_yin2017_0_4_7mer,0.18626584,1.5875823497772217,0.11238081197823324
chr1,16904866,16904867,C,T,GTCACTTCCCCCGCCGGCTGC,GTCACTTCCCTCGCCGGCTGC,ETV4_eDBD_TTTGCC40NTGA_KS_yin2017_0_4_7mer,-0.7187699,-7.492106914520264,6.777667495109503e-14
chr1,16905191,16905192,C,T,GGCGGAAGTTCACATGTGTGG,GGCGGAAGTTTACATGTGTGG,ETV4_eDBD_TTTGCC40NTGA_KS_yin2017_0_4_7mer,-0.25264573,-2.7655282020568848,0.005683069073916188
chr1,16905196,16905197,G,A,AAGTTCACATGTGTGGTATGT,AAGTTCACATATGTGGTATGT,ETV4_eDBD_TTTGCC40NTGA_KS_yin2017_0_4_7mer,-0.0058231023,-0.0506613664329052,0.9595953622153033
chr1,16905228,16905229,A,G,TATGGTTATCAAAGTGGTTTA,TATGGTTATCGAAGTGGTTTA,ETV4_eDBD_TTTGCC40NTGA_KS_yin2017_0_4_7mer,0.46346468,4.053479194641113,5.0461489623718316e-05
chr1,16905455,16905456,A,G,ACAGTCTGTTATCCCTAGGAA,ACAGTCTGTTGTCCCTAGGAA,ETV4_eDBD_TTTGCC40NTGA_KS_yin2017_0_4_7mer,0.13873827,1.261626958847046,0.20708305074713518
chr1,16960805,16960806,A,G,CGAGTTCCGGACCCGCGAGCG,CGAGTTCCGGGCCCGCGAGCG,ETV4_eDBD_TTTGCC40NTGA_KS_yin2017_0_4_7mer,-0.41818336,-3.2111780643463135,0.001321919955979552
chr1,17075620,17075621,G,T,TGGCAGGGGCGGGTAATATAT,TGGCAGGGGCTGGTAATATAT,ETV4_eDBD_TTTGCC40NTGA_KS_yin2017_0_4_7mer,-0.5018071,-4.604130268096924,4.141931520646076e-06
chr1,17592104,17592105,G,A,TGGGGGAGTCGTGGTTGAAAG,TGGGGGAGTCATGGTTGAAAG,ETV4_eDBD_TTTGCC40NTGA_KS_yin2017_0_4_7mer,-0.35165784,-3.241450071334839,0.0011892326412128059
chr1,18452779,18452780,A,G,ATGACTGCAAAGGGGTCTGGG,ATGACTGCAAGGGGGTCTGGG,ETV4_eDBD_TTTGCC40NTGA_KS_yin2017_0_4_7mer,-0.034952298,-0.2975747883319855,0.7660277192882061
chr1,19251558,19251559,C,G,CACCGCGCCGCGGGCTCCGCC,CACCGCGCCGGGGGCTCCGCC,ETV4_eDBD_TTTGCC40NTGA_KS_yin2017_0_4_7mer,0.12629555,0.9794082045555115,0.32737832482836704
chr1,19485443,19485444,C,T,ACCATGGTGGCGGCGGCGGCG,ACCATGGTGGTGGCGGCGGCG,ETV4_eDBD_TTTGCC40NTGA_KS_yin2017_0_4_7mer,0.18635798,3.118990659713745,0.0018147171388850707
chr1,19596818,19596819,T,A,CGCAAACCCATAGGCGCAGCC,CGCAAACCCAAAGGCGCAGCC,ETV4_eDBD_TTTGCC40NTGA_KS_yin2017_0_4_7mer,-0.057368554,-0.47038519382476807,0.6380798405031916
chr1,20508104,20508105,G,A,CTTCCGACCAGGACCGCACCC,CTTCCGACCAAGACCGCACCC,ETV4_eDBD_TTTGCC40NTGA_KS_yin2017_0_4_7mer,0.07819094,0.6948093175888062,0.4871748081692051
chr1,20508116,20508117,C,A,ACCGCACCCCCCCGGCCTAAC,ACCGCACCCCACCGGCCTAAC,ETV4_eDBD_TTTGCC40NTGA_KS_yin2017_0_4_7mer,-0.106881,-1.1474014520645142,0.2512157413539228
chr1,20508244,20508245,G,C,CAATCAAGCTGCTGCGGCCTC,CAATCAAGCTCCTGCGGCCTC,ETV4_eDBD_TTTGCC40NTGA_KS_yin2017_0_4_7mer,-0.07838094,-0.6773409247398376,0.4981896707737892
chr1,20508286,20508287,G,A,GCCGGGTGTCGGAGAGCGATT,GCCGGGTGTCAGAGAGCGATT,ETV4_eDBD_TTTGCC40NTGA_KS_yin2017_0_4_7mer,-0.066976964,-0.5532615184783936,0.5800843473342545
chr1,20508295,20508296,T,C,CGGAGAGCGATTGGGGAGCTG,CGGAGAGCGACTGGGGAGCTG,ETV4_eDBD_TTTGCC40NTGA_KS_yin2017_0_4_7mer,0.05843993,0.4640331566333771,0.6426239905668026
chr1,20733343,20733344,C,T,TAAATATTAGCTGACATTAGA,TAAATATTAGTTGACATTAGA,ETV4_eDBD_TTTGCC40NTGA_KS_yin2017_0_4_7mer,0.19178878,1.7929744720458984,0.07297700604813256
chr1,21334268,21334269,T,A,CCACCTCCTGTGACTCTGTGA,CCACCTCCTGAGACTCTGTGA,ETV4_eDBD_TTTGCC40NTGA_KS_yin2017_0_4_7mer,-0.5753489,-4.676688194274902,2.9154504025443145e-06
chr1,21783302,21783303,C,T,ACGTCCGAGGCGGTCTTGCCA,ACGTCCGAGGTGGTCTTGCCA,ETV4_eDBD_TTTGCC40NTGA_KS_yin2017_0_4_7mer,0.46441126,4.0722174644470215,4.656767052630812e-05
chr1,21783661,21783662,G,A,GGGACTACGTGTCCCGGCATG,GGGACTACGTATCCCGGCATG,ETV4_eDBD_TTTGCC40NTGA_KS_yin2017_0_4_7mer,-0.01406876,-0.13734398782253265,0.8907589025967907
chr1,21783924,21783925,T,C,ACATAAAGAGTAGCTTTATGA,ACATAAAGAGCAGCTTTATGA,ETV4_eDBD_TTTGCC40NTGA_KS_yin2017_0_4_7mer,-0.25740546,-2.1902568340301514,0.028505615495106426
chr1,21947154,21947155,G,T,TGCATGGCCAGGTGGAGCAGA,TGCATGGCCATGTGGAGCAGA,ETV4_eDBD_TTTGCC40NTGA_KS_yin2017_0_4_7mer,0.027847536,0.2570416033267975,0.7971466569248876
chr1,22019153,22019154,C,T,CAGAGACTTCCGCATCATGAG,CAGAGACTTCTGCATCATGAG,ETV4_eDBD_TTTGCC40NTGA_KS_yin2017_0_4_7mer,-4.0839653,-41.642189025878906,0.0
chr1,22025546,22025547,G,T,GGGGAGTGGTGGTCTCCCTTT,GGGGAGTGGTTGTCTCCCTTT,ETV4_eDBD_TTTGCC40NTGA_KS_yin2017_0_4_7mer,0.036089037,0.3508557677268982,0.7256965567411089
chr1,22025614,22025615,C,T,TCCCCCGCTCCCCCGTCCTCC,TCCCCCGCTCTCCCGTCCTCC,ETV4_eDBD_TTTGCC40NTGA_KS_yin2017_0_4_7mer,0.12758183,1.1630297899246216,0.24481741606825336
chr1,22025685,22025686,A,C,TCCTAACCCGAGTACGCTTGC,TCCTAACCCGCGTACGCTTGC,ETV4_eDBD_TTTGCC40NTGA_KS_yin2017_0_4_7mer,0.30420756,2.568096160888672,0.010225878468136997
chr1,22451962,22451963,C,A,TCCTCTATGGCGCTGTCAATA,TCCTCTATGGAGCTGTCAATA,ETV4_eDBD_TTTGCC40NTGA_KS_yin2017_0_4_7mer,-0.39411697,-3.359030246734619,0.0007821650591123363
chr1,23691733,23691734,C,T,TCCTCGTCTTCATCTCTGTGG,TCCTCGTCTTTATCTCTGTGG,ETV4_eDBD_TTTGCC40NTGA_KS_yin2017_0_4_7mer,-0.3894201,-3.1356279850006104,0.0017148658398071016
chr1,23743146,23743147,G,C,GTCTGGCGCGGTGGCCTCATT,GTCTGGCGCGCTGGCCTCATT,ETV4_eDBD_TTTGCC40NTGA_KS_yin2017_0_4_7mer,-0.7268968,-6.9561967849731445,3.4958147519673785e-12
chr1,23868297,23868298,A,G,GCTACCCCTCAGCGACGCGGC,GCTACCCCTCGGCGACGCGGC,ETV4_eDBD_TTTGCC40NTGA_KS_yin2017_0_4_7mer,-0.05021099,-0.41445234417915344,0.6785428611557061
chr1,23868371,23868372,A,C,TTGGCCCGGAAGGAAAAAGGG,TTGGCCCGGACGGAAAAAGGG,ETV4_eDBD_TTTGCC40NTGA_KS_yin2017_0_4_7mer,-2.6421928,-33.815330505371094,1.1739879003514574e-250
chr1,23868407,23868408,C,A,CAGGTTGGCCCGAGTCGCTTC,CAGGTTGGCCAGAGTCGCTTC,ETV4_eDBD_TTTGCC40NTGA_KS_yin2017_0_4_7mer,-0.039191462,-0.27932894229888916,0.7799923971344735
chr1,24413734,24413735,A,T,TGGCACCCACAGGCCTAACAT,TGGCACCCACTGGCCTAACAT,ETV4_eDBD_TTTGCC40NTGA_KS_yin2017_0_4_7mer,0.014687136,0.12759771943092346,0.8984673360106438
chr1,24695563,24695564,G,A,GCAGGAAGTAGGCAGGCTGAT,GCAGGAAGTAAGCAGGCTGAT,ETV4_eDBD_TTTGCC40NTGA_KS_yin2017_0_4_7mer,0.24416178,3.0133347511291504,0.0025839372138814227
chr1,24695822,24695823,G,A,CAACAGCTGGGGAGAGGCCTG,CAACAGCTGGAGAGAGGCCTG,ETV4_eDBD_TTTGCC40NTGA_KS_yin2017_0_4_7mer,-0.08638325,-0.6825502514839172,0.4948910789358263
chr1,25819900,25819901,C,G,CGGAGGTGCGCCTCGGTGCGC,CGGAGGTGCGGCTCGGTGCGC,ETV4_eDBD_TTTGCC40NTGA_KS_yin2017_0_4_7mer,-0.2502938,-2.083442449569702,0.03721091233996641
chr1,25819957,25819958,C,T,GAAGTGAGGGCGGTTGAGGCT,GAAGTGAGGGTGGTTGAGGCT,ETV4_eDBD_TTTGCC40NTGA_KS_yin2017_0_4_7mer,0.39711648,4.2130303382873535,2.5196720407153895e-05
chr1,25820022,25820023,G,C,GGGAGCCCGAGCTTGAGGTGA,GGGAGCCCGACCTTGAGGTGA,ETV4_eDBD_TTTGCC40NTGA_KS_yin2017_0_4_7mer,0.08393139,0.6779621839523315,0.4977956706472869
chr1,25820047,25820048,A,C,GGTTCTAGGGAGGCGCGGAGG,GGTTCTAGGGCGGCGCGGAGG,ETV4_eDBD_TTTGCC40NTGA_KS_yin2017_0_4_7mer,-0.00335899,-0.029853325337171555,0.9761840302262459
chr1,25998028,25998029,T,C,ACTTACCCAGTCAAGCTGATT,ACTTACCCAGCCAAGCTGATT,ETV4_eDBD_TTTGCC40NTGA_KS_yin2017_0_4_7mer,0.11480351,0.9973334670066833,0.3186026742097733
chr1,26169878,26169879,C,T,CCGAGCCTGCCTAGCCCCCCG,CCGAGCCTGCTTAGCCCCCCG,ETV4_eDBD_TTTGCC40NTGA_KS_yin2017_0_4_7mer,-0.42363924,-4.009997367858887,6.0719424718416014e-05
chr1,26169891,26169892,G,T,GCCCCCCGGCGTGGCCTGACG,GCCCCCCGGCTTGGCCTGACG,ETV4_eDBD_TTTGCC40NTGA_KS_yin2017_0_4_7mer,-0.251649,-2.276247262954712,0.022831214579674998
chr1,26169963,26169964,C,T,GCCCCTTGGCCGGCCGGGCTG,GCCCCTTGGCTGGCCGGGCTG,ETV4_eDBD_TTTGCC40NTGA_KS_yin2017_0_4_7mer,-1.0346844,-9.208566665649414,3.305086004653657e-20
chr1,26432110,26432111,T,C,CCAGCTGGTCTCCCAGCACGT,CCAGCTGGTCCCCCAGCACGT,ETV4_eDBD_TTTGCC40NTGA_KS_yin2017_0_4_7mer,0.10751619,0.8649688959121704,0.3870558609432936
chr1,26432256,26432257,G,A,GGTCCCCTCAGTTTGGGTGAC,GGTCCCCTCAATTTGGGTGAC,ETV4_eDBD_TTTGCC40NTGA_KS_yin2017_0_4_7mer,-0.1540616,-1.3366472721099854,0.18133780079551642
chr1,26432281,26432282,G,A,GGGGCGTGTCGCAGCGCCCAA,GGGGCGTGTCACAGCGCCCAA,ETV4_eDBD_TTTGCC40NTGA_KS_yin2017_0_4_7mer,0.24959226,2.529512405395508,0.011422113611093597
chr1,26787987,26787988,A,C,GGAGGAGCTGAGGTTCGGTCC,GGAGGAGCTGCGGTTCGGTCC,ETV4_eDBD_TTTGCC40NTGA_KS_yin2017_0_4_7mer,0.1739879,1.5130841732025146,0.13025827925837163
chr1,26921781,26921782,C,A,CCCGGCGCGACCCGCAGGAGC,CCCGGCGCGAACCGCAGGAGC,ETV4_eDBD_TTTGCC40NTGA_KS_yin2017_0_4_7mer,0.5256498,4.956446647644043,7.179406975651478e-07
chr1,26921783,26921784,C,T,CGGCGCGACCCGCAGGAGCGT,CGGCGCGACCTGCAGGAGCGT,ETV4_eDBD_TTTGCC40NTGA_KS_yin2017_0_4_7mer,0.2533167,2.137375831604004,0.03256743553785952
chr1,27322602,27322603,G,A,ACCTGGTGTAGCCAGGGAGAG,ACCTGGTGTAACCAGGGAGAG,ETV4_eDBD_TTTGCC40NTGA_KS_yin2017_0_4_7mer,0.037143953,0.3481946885585785,0.7276939764233041
chr1,28088403,28088404,T,G,AGCACTGCAGTGACAAGGGAC,AGCACTGCAGGGACAAGGGAC,ETV4_eDBD_TTTGCC40NTGA_KS_yin2017_0_4_7mer,-0.061224323,-0.5680749416351318,0.5699840820832903
chr1,28088506,28088507,T,C,CAGACCCTGTTGGCAGCTGAG,CAGACCCTGTCGGCAGCTGAG,ETV4_eDBD_TTTGCC40NTGA_KS_yin2017_0_4_7mer,0.45133337,4.411768436431885,1.0252973600644496e-05
chr1,28088577,28088578,T,C,AGACCCACAGTAGAACCAATC,AGACCCACAGCAGAACCAATC,ETV4_eDBD_TTTGCC40NTGA_KS_yin2017_0_4_7mer,0.06349428,0.5809966921806335,0.5612426829167079
chr1,28233062,28233063,C,G,TCTTACAGGTCCGCTCCTCTA,TCTTACAGGTGCGCTCCTCTA,ETV4_eDBD_TTTGCC40NTGA_KS_yin2017_0_4_7mer,-1.1315961,-10.075222969055176,7.109934680308283e-24
chr1,28236028,28236029,C,A,GCTGTGAGCTCCGGGAAGCCC,GCTGTGAGCTACGGGAAGCCC,ETV4_eDBD_TTTGCC40NTGA_KS_yin2017_0_4_7mer,0.45996436,3.816270589828491,0.00013548392358494828
chr1,28236164,28236165,A,G,GAGACGCCAGAGGTGCAGCTC,GAGACGCCAGGGGTGCAGCTC,ETV4_eDBD_TTTGCC40NTGA_KS_yin2017_0_4_7mer,0.17034733,1.4185138940811157,0.15604078514685843
chr1,28369579,28369580,C,A,GGACGACCGCCCGGAGAGAAA,GGACGACCGCACGGAGAGAAA,ETV4_eDBD_TTTGCC40NTGA_KS_yin2017_0_4_7mer,-0.44148016,-3.893493175506592,9.881098348164631e-05
chr1,28370166,28370167,C,G,AGCCTGTTCCCCCGGTCCCCA,AGCCTGTTCCGCCGGTCCCCA,ETV4_eDBD_TTTGCC40NTGA_KS_yin2017_0_4_7mer,1.6919858,16.116031646728516,1.9685114765471374e-58
chr1,28648343,28648344,G,A,CCACTCCCTCGGTGCCCGCCA,CCACTCCCTCAGTGCCCGCCA,ETV4_eDBD_TTTGCC40NTGA_KS_yin2017_0_4_7mer,0.02849412,0.23821671307086945,0.8117130150396294
chr1,28736723,28736724,G,A,CCGTGAGCACGGCTTCCGCTC,CCGTGAGCACAGCTTCCGCTC,ETV4_eDBD_TTTGCC40NTGA_KS_yin2017_0_4_7mer,0.33165297,3.4290502071380615,0.0006056974698019143
chr1,28882346,28882347,A,G,CCCTCCCTGCAAACAGCGAGT,CCCTCCCTGCGAACAGCGAGT,ETV4_eDBD_TTTGCC40NTGA_KS_yin2017_0_4_7mer,0.283265,2.769063949584961,0.005621759969721327
chr1,29181837,29181838,C,T,GCAGCGGCGGCGGCGGCAACG,GCAGCGGCGGTGGCGGCAACG,ETV4_eDBD_TTTGCC40NTGA_KS_yin2017_0_4_7mer,0.24014854,1.6371229887008667,0.10160477406416782
chr1,29182108,29182109,C,A,CACCGCCTTCCGCAGCCAGCT,CACCGCCTTCAGCAGCCAGCT,ETV4_eDBD_TTTGCC40NTGA_KS_yin2017_0_4_7mer,-0.42775518,-4.172756195068359,3.0093691279320957e-05
chr1,29944295,29944296,C,A,ATATGCCAGGCTGCTTCCTTT,ATATGCCAGGATGCTTCCTTT,ETV4_eDBD_TTTGCC40NTGA_KS_yin2017_0_4_7mer,1.9273283,20.288352966308594,1.6296369035556695e-91
chr1,29944313,29944314,G,A,TTTGGTGAGAGGAGCTCCATT,TTTGGTGAGAAGAGCTCCATT,ETV4_eDBD_TTTGCC40NTGA_KS_yin2017_0_4_7mer,-0.5128971,-3.7220003604888916,0.00019765074083309727
chr1,30847533,30847534,G,T,GAACAGGAGCGGACGGAGTCA,GAACAGGAGCTGACGGAGTCA,ETV4_eDBD_TTTGCC40NTGA_KS_yin2017_0_4_7mer,-1.5820786,-14.876483917236328,4.6848135098485e-50
chr1,31444800,31444801,A,G,GTTATATCACATGGAAGAAAA,GTTATATCACGTGGAAGAAAA,ETV4_eDBD_TTTGCC40NTGA_KS_yin2017_0_4_7mer,0.3444825,3.405919075012207,0.0006594172227476824
chr1,31444805,31444806,A,C,ATCACATGGAAGAAAATGCTC,ATCACATGGACGAAAATGCTC,ETV4_eDBD_TTTGCC40NTGA_KS_yin2017_0_4_7mer,0.017239355,0.1503491848707199,0.8804891300514919
chr1,31444973,31444974,T,C,AGGATATTGCTGTGAATCACA,AGGATATTGCCGTGAATCACA,ETV4_eDBD_TTTGCC40NTGA_KS_yin2017_0_4_7mer,0.77692,7.280667781829834,3.3217177459765383e-13
chr1,31509303,31509304,A,G,GGGGTTGAAGAGGAAGCAGGA,GGGGTTGAAGGGGAAGCAGGA,ETV4_eDBD_TTTGCC40NTGA_KS_yin2017_0_4_7mer,-1.1002399,-11.519392967224121,1.0535056084662975e-30
chr1,31645211,31645212,A,G,AACCTGGCAAATGGGACGCAT,AACCTGGCAAGTGGGACGCAT,ETV4_eDBD_TTTGCC40NTGA_KS_yin2017_0_4_7mer,0.10142917,0.9476184248924255,0.34332374290123546
chr1,31645236,31645237,T,G,GTGACGTAATTGCTGGAGTAG,GTGACGTAATGGCTGGAGTAG,ETV4_eDBD_TTTGCC40NTGA_KS_yin2017_0_4_7mer,0.18572935,1.7270500659942627,0.08415867230977297
chr1,31827474,31827475,T,C,TCTTCCTGAGTGCTTGTGCCA,TCTTCCTGAGCGCTTGTGCCA,ETV4_eDBD_TTTGCC40NTGA_KS_yin2017_0_4_7mer,0.06189984,0.5398284196853638,0.5893153658750854
chr1,32222175,32222176,A,G,CAGGGAAGCTAGGGAGATGAA,CAGGGAAGCTGGGGAGATGAA,ETV4_eDBD_TTTGCC40NTGA_KS_yin2017_0_4_7mer,0.033796586,0.29745379090309143,0.7661200817434087
chr1,32250039,32250040,G,T,CTCAGCCTTTGTTTCTGTGTT,CTCAGCCTTTTTTTCTGTGTT,ETV4_eDBD_TTTGCC40NTGA_KS_yin2017_0_4_7mer,-0.41684213,-3.624399423599243,0.00028963370154416024
chr1,32250219,32250220,G,A,AGTGACGCATGTGCACTTTCC,AGTGACGCATATGCACTTTCC,ETV4_eDBD_TTTGCC40NTGA_KS_yin2017_0_4_7mer,-0.22764584,-2.3644094467163086,0.018058841540558847
chr1,32650604,32650605,A,T,TCCGCTCTAGACTCCGCCCCT,TCCGCTCTAGTCTCCGCCCCT,ETV4_eDBD_TTTGCC40NTGA_KS_yin2017_0_4_7mer,0.34988883,2.6245336532592773,0.008676771753812108
chr1,33127285,33127286,A,G,CATCCCTTGAAGCCACGGTCT,CATCCCTTGAGGCCACGGTCT,ETV4_eDBD_TTTGCC40NTGA_KS_yin2017_0_4_7mer,0.026391875,0.22349950671195984,0.8231467670059666
chr1,33350097,33350098,A,T,GCGCCACGCCACGAGGAGGCT,GCGCCACGCCTCGAGGAGGCT,ETV4_eDBD_TTTGCC40NTGA_KS_yin2017_0_4_7mer,-0.477091,-3.8499019145965576,0.00011816513576599589
chr1,33396692,33396693,G,A,CACAGCCAAGGAACCCTCTGG,CACAGCCAAGAAACCCTCTGG,ETV4_eDBD_TTTGCC40NTGA_KS_yin2017_0_4_7mer,-0.20752725,-1.7304095029830933,0.08355713718764404
chr1,34859811,34859812,C,T,TCTCTCGGAGCGCAGGGATTG,TCTCTCGGAGTGCAGGGATTG,ETV4_eDBD_TTTGCC40NTGA_KS_yin2017_0_4_7mer,0.15782283,1.4098072052001953,0.1585966185164569
chr1,36088840,36088841,G,C,CCCAGGGAGCGCTGCGGACGG,CCCAGGGAGCCCTGCGGACGG,ETV4_eDBD_TTTGCC40NTGA_KS_yin2017_0_4_7mer,-0.4017194,-3.0863170623779297,0.0020265260352982876
chr1,36224157,36224158,G,A,GGGGGCAGTGGCGTCAGCAAC,GGGGGCAGTGACGTCAGCAAC,ETV4_eDBD_TTTGCC40NTGA_KS_yin2017_0_4_7mer,0.24254145,2.197622060775757,0.027976049797325923
chr1,36224192,36224193,C,G,CGTCCACCGCCCTCCTCCATC,CGTCCACCGCGCTCCTCCATC,ETV4_eDBD_TTTGCC40NTGA_KS_yin2017_0_4_7mer,-0.78396136,-7.525009632110596,5.27164378214466e-14
chr1,36224997,36224998,A,G,GGATAGTCCAAATTTGTCTCC,GGATAGTCCAGATTTGTCTCC,ETV4_eDBD_TTTGCC40NTGA_KS_yin2017_0_4_7mer,-0.18218988,-1.3277400732040405,0.18426399020375517
chr1,36374663,36374664,T,C,CCGTACTGGCTTGGCCTCTCC,CCGTACTGGCCTGGCCTCTCC,ETV4_eDBD_TTTGCC40NTGA_KS_yin2017_0_4_7mer,-0.064449996,-0.506781280040741,0.6123082926625362
chr1,36385840,36385841,C,G,TCACCGCCGCCTCCCAGCGCA,TCACCGCCGCGTCCCAGCGCA,ETV4_eDBD_TTTGCC40NTGA_KS_yin2017_0_4_7mer,-0.2037364,-1.8344647884368896,0.06658503000391025
chr1,36386241,36386242,G,A,TCCCCCTGCCGAGGTTGAAGT,TCCCCCTGCCAAGGTTGAAGT,ETV4_eDBD_TTTGCC40NTGA_KS_yin2017_0_4_7mer,0.14133567,1.2368987798690796,0.21612466309414602
chr1,36397921,36397922,A,G,AGTGCTCTGCAAGTCACCGCG,AGTGCTCTGCGAGTCACCGCG,ETV4_eDBD_TTTGCC40NTGA_KS_yin2017_0_4_7mer,0.012321379,0.10483105480670929,0.9165098676365291
chr1,36398052,36398053,T,C,CACGCATTCATTGAACCGGCG,CACGCATTCACTGAACCGGCG,ETV4_eDBD_TTTGCC40NTGA_KS_yin2017_0_4_7mer,-0.057859585,-0.5210485458374023,0.6023329536821032
chr1,36401277,36401278,T,C,TCTTCACTCCTGCAGTCTGGG,TCTTCACTCCCGCAGTCTGGG,ETV4_eDBD_TTTGCC40NTGA_KS_yin2017_0_4_7mer,0.6731828,6.065577507019043,1.3148034414991857e-09
chr1,37554145,37554146,C,T,CCTGCTTCACCACCACCCCCG,CCTGCTTCACTACCACCCCCG,ETV4_eDBD_TTTGCC40NTGA_KS_yin2017_0_4_7mer,-0.28100666,-2.969735860824585,0.0029805590776378166
chr1,37595970,37595971,G,T,CGTCCCTCTCGGCCTCAGAGC,CGTCCCTCTCTGCCTCAGAGC,ETV4_eDBD_TTTGCC40NTGA_KS_yin2017_0_4_7mer,0.4090619,3.212904930114746,0.0013139977645364137
chr1,37596104,37596105,G,C,CAAGCTGCCCGTTCATAGCAA,CAAGCTGCCCCTTCATAGCAA,ETV4_eDBD_TTTGCC40NTGA_KS_yin2017_0_4_7mer,-0.019117594,-0.17494428157806396,0.8611234151063536
chr1,37690517,37690518,C,G,CGCCCACAGTCTCTCTGCGCA,CGCCCACAGTGTCTCTGCGCA,ETV4_eDBD_TTTGCC40NTGA_KS_yin2017_0_4_7mer,0.23488349,1.812228798866272,0.06995085094829814
chr1,37690670,37690671,G,A,GCTTCCTTGGGATTGGATGTT,GCTTCCTTGGAATTGGATGTT,ETV4_eDBD_TTTGCC40NTGA_KS_yin2017_0_4_7mer,0.19190969,1.5722038745880127,0.1159032771702463
chr1,37692274,37692275,C,T,TTGTATAGTTCGCAGCCGGCC,TTGTATAGTTTGCAGCCGGCC,ETV4_eDBD_TTTGCC40NTGA_KS_yin2017_0_4_7mer,-0.0010579992,-0.009632302448153496,0.9923146534344959
chr1,37692538,37692539,C,T,CTCTCACTGGCACAGCGAGGT,CTCTCACTGGTACAGCGAGGT,ETV4_eDBD_TTTGCC40NTGA_KS_yin2017_0_4_7mer,0.01571062,0.1511128693819046,0.8798866807814352
chr1,37990218,37990219,G,C,ATGCCTCCAGGGGGCATAGGA,ATGCCTCCAGCGGGCATAGGA,ETV4_eDBD_TTTGCC40NTGA_KS_yin2017_0_4_7mer,-0.25632468,-2.083406448364258,0.03721419099193496
chr1,37990433,37990434,G,A,AGGAAAATGGGAATAGTGGGG,AGGAAAATGGAAATAGTGGGG,ETV4_eDBD_TTTGCC40NTGA_KS_yin2017_0_4_7mer,0.755106,7.115869998931885,1.1120908087385087e-12
chr1,38873583,38873584,G,A,CAGGAGGTGAGATTTTGGTAC,CAGGAGGTGAAATTTTGGTAC,ETV4_eDBD_TTTGCC40NTGA_KS_yin2017_0_4_7mer,-0.015703104,-0.1268284022808075,0.8990762154876584
chr1,38873776,38873777,C,T,TTGCAGTAGCCGAGGAGGGTG,TTGCAGTAGCTGAGGAGGGTG,ETV4_eDBD_TTTGCC40NTGA_KS_yin2017_0_4_7mer,0.46598333,3.8508694171905518,0.00011769924663777814
chr1,39026254,39026255,G,C,CTATGGTTTTGTGGGGAGACG,CTATGGTTTTCTGGGGAGACG,ETV4_eDBD_TTTGCC40NTGA_KS_yin2017_0_4_7mer,-0.19582365,-1.7302438020706177,0.08358672545526571
chr1,39158707,39158708,C,T,GTTGTGGTCCCGTAGCTCATT,GTTGTGGTCCTGTAGCTCATT,ETV4_eDBD_TTTGCC40NTGA_KS_yin2017_0_4_7mer,0.29672688,2.6745755672454834,0.0074823911227671494
chr1,39738751,39738752,A,T,GCACCTCACAAGGCGCCCAGT,GCACCTCACATGGCGCCCAGT,ETV4_eDBD_TTTGCC40NTGA_KS_yin2017_0_4_7mer,0.24847825,2.1468942165374756,0.031801704159249544
chr1,39739150,39739151,C,T,GTACGCACTTCTCCAGCTTCT,GTACGCACTTTTCCAGCTTCT,ETV4_eDBD_TTTGCC40NTGA_KS_yin2017_0_4_7mer,-0.6004597,-4.837472438812256,1.3150061203983832e-06
chr1,40040566,40040567,G,A,TGCCCTCTGTGAGAGCCGGGC,TGCCCTCTGTAAGAGCCGGGC,ETV4_eDBD_TTTGCC40NTGA_KS_yin2017_0_4_7mer,-0.17311202,-1.3571012020111084,0.1747490566044131
chr1,40040861,40040862,G,T,GCCCCTGGTGGTGTTAATGGC,GCCCCTGGTGTTGTTAATGGC,ETV4_eDBD_TTTGCC40NTGA_KS_yin2017_0_4_7mer,0.005110847,0.06013358756899834,0.952049239344535
chr1,40257681,40257682,G,A,CTGGGAAGTCGGCTGCTGTTC,CTGGGAAGTCAGCTGCTGTTC,ETV4_eDBD_TTTGCC40NTGA_KS_yin2017_0_4_7mer,0.10338757,0.9668193459510803,0.3336343515355221
chr1,40257945,40257946,G,A,CCAGCGTCAAGACGTGGGGGA,CCAGCGTCAAAACGTGGGGGA,ETV4_eDBD_TTTGCC40NTGA_KS_yin2017_0_4_7mer,-0.06687677,-0.6084795594215393,0.5428694588680691
chr1,40257971,40257972,C,T,GTTGATGCAACACAGCTCAGC,GTTGATGCAATACAGCTCAGC,ETV4_eDBD_TTTGCC40NTGA_KS_yin2017_0_4_7mer,-0.26750886,-2.8940820693969727,0.003802687565258163
chr1,40374680,40374681,A,G,GATGGCGGAAAGGAAAACTGC,GATGGCGGAAGGGAAAACTGC,ETV4_eDBD_TTTGCC40NTGA_KS_yin2017_0_4_7mer,0.12680496,1.4477245807647705,0.14769409257245708
chr1,40531360,40531361,G,A,AAACCCTGCTGAGTAAGAGCA,AAACCCTGCTAAGTAAGAGCA,ETV4_eDBD_TTTGCC40NTGA_KS_yin2017_0_4_7mer,0.25119966,2.3745017051696777,0.017572655045067446
chr1,40699159,40699160,G,A,GGGTGAGACTGTCTCCAAAAA,GGGTGAGACTATCTCCAAAAA,ETV4_eDBD_TTTGCC40NTGA_KS_yin2017_0_4_7mer,-0.09146623,-0.7274078130722046,0.46697616968431477
